Workbook

Sheet Sheet2
A3: Row Labels | B3: Count of ¿En qué país resides?
A4: Disminuyen mi productividad | B4: 11
A5: Mejoran mi productividad | B5: 99
A6: Mejoran mucho mi productividad | B6: 37
A7: No afectan a mi productividad | B7: 85
A8: Grand Total | B8: 232
A12: Row Labels | B12: Count of ¿En qué país resides?
A13: Igual que cuando iba todos los días a la oficina | B13: 88
A14: Mayor que cuando iba todos los días a la oficina | B14: 52
A15: Menor que cuando iba todos los días a la oficina | B15: 37
A16: Mucho mayor que cuando iba todos los días a la oficina | B16: 18
A17: Mucho menor que cuando iba todos los días a la oficina | B17: 9
A18: No tengo la información para contestar a la pregunta | B18: 28
A19: Grand Total | B19: 232
A21: Row Labels | B21: Count of ¿En qué país resides?
A22: Igual que cuando iba todos los días a la oficina | B22: 86
A23: Mayor que cuando iba todos los días a la oficina | B23: 59
A24: Menor que cuando iba todos los días a la oficina | B24: 22
A25: Mucho Mejor que cuando iba todos los días a la oficina | B25: 61
A26: Mucho menor que cuando iba todos los días a la oficina | B26: 4
A27: Grand Total | B27: 232

Sheet Datos
A1: Marca temporal | B1: ¿En qué país resides? | C1: Tu edad está dentro del rango: | D1: ¿Tu género es? | E1: Indica tu nivel de estudios: | F1: Indica los años de experiencia trabajando en empresas de desarrollo de software: | G1: Por favor indica el puesto que ocupabas cuando trabajabas presencialmente en la empresa: | H1: Por favor indica el puesto que ocupas actualmente en la empresa: | I1: Tamaño de la compañía | J1: Tipo de empresa: | K1: Tu empresa es: | L1: ¿En tu trabajo te comunicas con personas de distintos países? | M1: NIVEL HOMEOFFICE | N1: ¿Cuántos días a la semana trabajas desde casa actualmente? | O1: ¿Cuántos días a la semana vas a la oficina actualmente? | P1: ¿Qué modalidad de trabajo prefieres? | Q1: La modalidad que actualmente tienes fue: | R1: Trabajo la misma cantidad de horas que cuando trabajaba todos los días en la oficina | S1: El intercambio de conocimiento con mis compañeros de proyecto es ahora: | T1: La comunicación en general con mis compañeros de proyecto es ahora | U1: La comunicación con mis jefes es ahora | V1: Tus horarios de trabajo ahora son: | W1: Mis reuniones ahora son: | X1: El cansancio después de una reunión online es ahora: | Y1: Siento que mi rendimiento ahora es: | Z1: Siento que la productividad de mi equipo es: | AA1: Siento que la capacidad de mi equipo para cumplir hitos es: | AB1: Siento que mi concentración cuando estoy trabajando es: | AC1: Siento que la velocidad de mi conexión a Internet es | AD1: Siento que la eficiencia de la conexión a Internet me influye: | AE1: Las herramientas de comunicación (Teams, Zoom, Slack,...) utilizadas por mi empresa, desde casa: | AF1: Siento que la facilidad para compartir conocimiento ahora es: | AG1: Siento que el impacto de la rotación de personal en la empresa ahora es: | AH1: Siento que la falta de compromiso por parte de los empleados, afecta a la productividad: | AI1: Siento que el hecho de trabajar con personas de distintas culturas afecta a la productividad: | AJ1: Siento que el hecho de trabajar con personas que tienen otros horarios afecta a la productividad | AK1: Siento que el hecho de trabajar con personas que se encuentran geográficamente distribuidas afecta a la productividad: | AL1: Siento que la falta de confianza entre los miembros del equipo afecta la productividad | AM1: Siento que la falta de colaboración entre los miembros del equipo afecta la productividad: | AN1: Siento que la falta de relaciones personales entre los miembros del equipo afecta la productividad: | AO1: Siento que la falta de cohesión y de espíritu de grupo afecta la productividad | AP1: Siento que los problemas de liderazgo afectan la productividad | AQ1: Siento que el nivel de la definición de los requisitos de software y su calidad son ahora: | AR1: Siento que el control de los cambios de los requisitos es ahora: | AS1: Siento que la cantidad de personal cualificado en la empresa es ahora: | AT1: Siento que mi nivel de estrés es: | AU1: Siento que mi nivel de confianza para enfrentarme a los retos del trabajo es: | AV1: Siento que mis reacciones de enojo o molestia ahora son: | AW1: Siento que mi nivel de frustración con relación al trabajo es: | AX1: Siento que el nivel de presión por terminar las tareas ahora es: | AY1: Siento que la flexibilidad de mi trabajo ahora es: | AZ1: Siento que los problemas tecnológicos ahora son: | BA1: Siento que la facilidad para trabajar en equipos distribuidos es: | BB1: Siento que los problemas que aparecen por las diferencias culturales ahora son: | BC1: Siento que la aplicación de metodología ágiles ahora es: | BD1: Siento que los problemas de comunicación ahora son: | BE1: Siento que los problemas por usar distintos idiomas ahora son: | BF1: Siento que el hecho de trabajar con personas que tienen otros horarios afecta a mi estrés: | BG1: Siento que la generación de confianza entre los miembros del equipo ahora es: | BH1: Siento que las interrupciones externas ahora son: | BI1: Siento que ahora mi manejo del tiempo en general es: | BJ1: Siento que la falta de compañerismo ahora es: | BK1: Siento que los problemas de coordinación afectan a mi estrés: | BL1: Siento que los problemas vinculados con la gestión del proyecto ahora son: | BM1: Siento que la asignación de tareas entre los miembros del equipo ahora es: | BN1: Siento que mi nivel de motivación en el trabajo es: | BO1: Mi concentración ahora cuando estoy trabajando es: | BP1: Mi comodidad ahora cuando estoy trabajando es: | BQ1: Mi seguridad/ confianza a la hora de preguntar a un compañero ahora es: | BR1: Mi confianza para hacer preguntas a un superior ahora es: | BS1: Mi habilidad para resolver problemas ahora es: | BT1: En términos de disfrute en el trabajo siento que ahora es: | BU1: Siento que el nivel de interés hacia mi trabajo ahora es: | BV1: Siento que la falta de conocimiento sobre el rol de cada miembro del equipo ahora es: | BW1: Siento que mi empresa me aprecia: | BX1: Siento que las acciones de motivación de personal de mi empresa son: | BY1: Siento que la calidad del desarrollo de software es ahora: | BZ1: Siento que el equilibrio vida personal - trabajo es ahora: | CA1: Siento que ahora la retroalimentación que recibo por parte de mis compañeros y superiores es: | CB1: Siento que mi nivel de aburrimiento en el trabajo es ahora: | CC1: Siento que mi nivel de atención a cada individuo es ahora: | CD1: Siento que mi miedo a perder el trabajo es ahora: | CE1: Siento que el ambiente de trabajo ahora es: | CF1: Siento que mi nivel de influencia en mi equipo de trabajo es ahora: | CG1: Siento que la facilidad para desarrollar relaciones personales entre los compañeros de trabajo es ahora | CH1: Siento que la participación de los miembros en los proyectos de mi equipo es ahora: | CI1: Siento que el nivel de autonomía en el trabajo es ahora | CJ1: Siento que el nivel de relaciones conflictivas entre compañeros es ahora: | CK1: Siento que los problemas relacionados con el liderazgo compartido son ahora: | CL1: El sentimiento de pertenencia a mi empresa es ahora | CM1: Siento que mi creatividad es: | CN1: Correo electrónico para recibir resultados (opcional) | CO1: Tam_Empresa | CP1: Lead
A2: 45594.111 | B2: Argentina | C2: <35 años | D2: Masculino | E2: Universitarios completo | F2: 5-10 años | G2: Desarrollador de Software | H2: Líder Técnico | I2: >500 empleados. | J2: Empresa que desarrolla software a medida partiendo desde cero | K2: Multinacional | L2: Muy Frecuentemente | M2: Alto | N2: >5 días | O2: Ninguno | P2: Remota ( todos los días en casa) | Q2: Consensuada por las dos partes | R2: En desacuerdo | S2: Igual que cuando iba todos los días a la oficina | T2: Igual que cuando iba todos los días a la oficina | U2: Mayor que cuando iba todos los días a la oficina | V2: Diferentes que cuando iba todos los días a la oficina, ahora necesito menos horas para hacer lo mismo | W2: Todas por videoconferencia | X2: Igual que cuando eran en la oficina | Y2: Mayor que cuando iba todos los días a la oficina | Z2: Mayor que cuando iba todos los días a la oficina | AA2: Mayor que cuando iba todos los días a la oficina | AB2: Mucho Mayor que cuando iba todos los días a la oficina | AC2: Mucho Mejor que cuando iba todos los días a la oficina | AD2: Mejora mucho mi desempeño en el trabajo | AE2: Mejoran mi productividad | AF2: Menor que cuando iba todos los días a la oficina | AG2: Mucho mayor que cuando iba todos los días a la oficina | AH2: Igual que cuando iba todos los días a la oficina | AI2: Igual que cuando iba todos los días a la oficina | AJ2: Mucho menos que cuando iba todos los días a la oficina | AK2: Mucho menos que cuando iba todos los días a la oficina | AL2: Más que cuando iba todos los días a la oficina | AM2: Igual que cuando iba todos los días a la oficina | AN2: Mas que cuando iba todos los días a la oficina | AO2: Igual que cuando iba todos los días a la oficina | AP2: Mas que cuando iba todos los días a la oficina | AQ2: Mayores que cuando iba todos los días a la oficina | AR2: Mucho Mayor que cuando iba todos los días a la oficina | AS2: Mucho Mayor que cuando iba todos los días a la oficina | AT2: Igual que cuando iba todos los días a la oficina | AU2: Mayor que cuando iba todos los días a la oficina | AV2: Menor que cuando iba todos los días a la oficina | AW2: Menor que cuando iba todos los días a la oficina | AX2: Mayor que cuando iba todos los días a la oficina | AY2: Mucho mayor que cuando iba todos los días a la oficina | AZ2: Menores que cuando iba todos los días a la oficina | BA2: Mucho mayor que cuando iba todos los días a la oficina | BB2: Iguales que cuando iba todos los días a la oficina | BC2: Mucho mayor que cuando iba todos los días a la oficina | BD2: Menores que cuando iba todos los días a la oficina | BE2: Menores que cuando iba todos los días a la oficina | BF2: Igual que cuando iba todos los días a la oficina | BG2: Menor que cuando iba todos los días a la oficina | BH2: Mayores que cuando iba todos los días a la oficina | BI2: Mucho mayor que cuando iba todos los días a la oficina | BJ2: Menor que cuando iba todos los días a la oficina | BK2: Igual que cuando iba todos los días a la oficina | BL2: Iguales que cuando iba todos los días a la oficina | BM2: Mejor que cuando iba todos los días a la oficina | BN2: Mucho Mayor que cuando iba todos los días a la oficina | BO2: Mayor que cuando iba todos los días a la oficina | BP2: Mayor que cuando iba todos los días a la oficina | BQ2: Menor que cuando iba todos los días a la oficina | BR2: Mayor que cuando iba todos los días a la oficina | BS2: Igual que cuando iba todos los días a la oficina | BT2: Mucho Mayor que cuando iba todos los días a la oficina | BU2: Igual que cuando iba todos los días a la oficina | BV2: Mayor que cuando iba todos los días a la oficina | BW2: Menos que cuando iba todos los días a la oficina | BX2: Iguales que cuando iba todos los días a la oficina | BY2: Mayor que cuando iba todos los días a la oficina | BZ2: Mucho Mayor que cuando iba todos los días a la oficina | CA2: Mayor que cuando iba todos los días a la oficina | CB2: Menor que cuando iba todos los días a la oficina | CC2: Mayor que cuando iba todos los días a la oficina | CD2: Mayor que cuando iba todos los días a la oficina | CE2: Igual que cuando iba todos los días a la oficina | CF2: Menor que cuando iba todos los días a la oficina | CG2: Menor que cuando iba todos los días a la oficina | CH2: Mayor que cuando iba todos los días a la oficina | CI2: Mucho Mayor que cuando iba todos los días a la oficina | CJ2: Mucho menor que cuando iba todos los días a la oficina | CK2: Menores que cuando iba todos los días a la oficina | CL2: Igual que cuando iba todos los días a la oficina | CM2: Igual que cuando iba todos los días a la oficina | CN2: juan.delafuente@fi.uncoma.edu.ar | CO2: 301+ empleados | CP2: =IFERROR(VLOOKUP(H2,'Lista Lideres'!$A$1:$B$350,2,0),0) -> 1
A3: 45569.678 | B3: Argentina | C3: <35 años | D3: Femenino | E3: Universitarios | F3: <5 años | G3: Ing. En yacimiento digital | H3: Developer | I3: >500 empleados. | J3: Empresa que desarrolla software a medida partiendo desde cero | K3: Multinacional | L3: A veces | M3: Alto | N3: >5 días | O3: Ninguno | P3: Remota ( todos los días en casa) | Q3: Consensuada por las dos partes | R3: En desacuerdo | S3: Igual que cuando iba todos los días a la oficina | T3: Igual que cuando iba todos los días a la oficina | U3: Igual que cuando iba todos los días a la oficina | V3: Muy diferentes que cuando iba todos los días a la oficina, ahora necesito muchas menos horas para hacer lo mismo | W3: Todas por videoconferencia | X3: Igual que cuando eran en la oficina | Y3: Mayor que cuando iba todos los días a la oficina | Z3: Mucho Mayor que cuando iba todos los días a la oficina | AA3: Mucho Mayor que cuando iba todos los días a la oficina | AB3: Mucho Mayor que cuando iba todos los días a la oficina | AC3: Igual que cuando iba todos los días a la oficina | AD3: Mejora mi desempeño en el trabajo | AE3: No afectan a mi productividad | AF3: Mayor que cuando iba todos los días a la oficina | AG3: Mayor que cuando iba todos los días a la oficina | AH3: Igual que cuando iba todos los días a la oficina | AI3: Igual que cuando iba todos los días a la oficina | AJ3: Igual que cuando iba todos los días a la oficina | AK3: Igual que cuando iba todos los días a la oficina | AL3: Igual que cuando iba todos los días a la oficina | AM3: Menos que cuando iba todos los días a la oficina | AN3: Igual que cuando iba todos los días a la oficina | AO3: Igual que cuando iba todos los días a la oficina | AP3: Igual que cuando iba todos los días a la oficina | AQ3: Mayores que cuando iba todos los días a la oficina | AR3: Igual que cuando iba todos los días a la oficina | AS3: Mayor que cuando iba todos los días a la oficina | AT3: Menor que cuando iba todos los días a la oficina | AU3: Mayor que cuando iba todos los días a la oficina | AV3: Igual que cuando iba todos los días a la oficina | AW3: Menor que cuando iba todos los días a la oficina | AX3: Igual que cuando iba todos los días a la oficina | AY3: Mucho mayor que cuando iba todos los días a la oficina | AZ3: Iguales que cuando iba todos los días a la oficina | BA3: Mayor que cuando iba todos los días a la oficina | BB3: No hay diferencias culturales en mi equipo | BC3: Mayor que cuando iba todos los días a la oficina | BD3: Iguales que cuando iba todos los días a la oficina | BE3: No tengo que utilizar diferentes idiomas en mi trabajo | BF3: No trabajo con personas con distintos horarios | BG3: Igual que cuando iba todos los días a la oficina | BH3: Mucho menores que cuando iba todos los días a la oficina | BI3: Mucho mayor que cuando iba todos los días a la oficina | BJ3: Menor que cuando iba todos los días a la oficina | BK3: Mucho menos que cuando iba todos los días a la oficina | BL3: Iguales que cuando iba todos los días a la oficina | BM3: Mejor que cuando iba todos los días a la oficina | BN3: Mayor que cuando iba todos los días a la oficina | BO3: Mucho Mayor que cuando iba todos los días a la oficina | BP3: Mucho mayor que cuando iba todos los días a la oficina | BQ3: Mayor que cuando iba todos los días a la oficina | BR3: Igual que cuando iba todos los días a la oficina | BS3: Mayor que cuando iba todos los días a la oficina | BT3: Mayor que cuando iba todos los días a la oficina | BU3: Igual que cuando iba todos los días a la oficina | BV3: Menor que cuando iba todos los días a la oficina | BW3: Igual que cuando iba todos los días a la oficina | BX3: Iguales que cuando iba todos los días a la oficina | BY3: Mayor que cuando iba todos los días a la oficina | BZ3: Mucho Mayor que cuando iba todos los días a la oficina | CA3: Igual que cuando iba todos los días a la oficina | CB3: Igual que cuando iba todos los días a la oficina | CC3: Igual que cuando iba todos los días a la oficina | CD3: Igual que cuando iba todos los días a la oficina | CE3: Mejor que cuando iba todos los días a la oficina | CF3: Igual que cuando iba todos los días a la oficina | CG3: Igual que cuando iba todos los días a la oficina | CH3: Igual que cuando iba todos los días a la oficina | CI3: Mucho Mayor que cuando iba todos los días a la oficina | CJ3: Igual que cuando iba todos los días a la oficina | CK3: Iguales que cuando iba todos los días a la oficina | CL3: Igual que cuando iba todos los días a la oficina | CM3: Igual que cuando iba todos los días a la oficina | CO3: 301+ empleados | CP3: =IFERROR(VLOOKUP(H3,'Lista Lideres'!$A$1:$B$350,2,0),0) -> 0
A4: 45572.098 | B4: Argentina | C4: <35 años | D4: Femenino | E4: universitario | F4: 21-30 años | G4: Referente IT | H4: COO | I4: <50 empleados | J4: Empresa que desarrolla software a medida partiendo desde cero | K4: Multinacional | L4: Casi Nunca | M4: Alto | N4: >5 días | O4: Ninguno | P4: Remota ( todos los días en casa) | Q4: Decidida por ti | R4: En desacuerdo | S4: Mayor que cuando iba todos los días a la oficina | T4: Mayor que cuando iba todos los días a la oficina | U4: Mayor que cuando iba todos los días a la oficina | V4: Diferentes que cuando iba todos los días a la oficina, ahora necesito menos horas para hacer lo mismo | W4: Casi todas por videoconferencia | X4: Menor que cuando eran en la oficina | Y4: Mayor que cuando iba todos los días a la oficina | Z4: Mucho Mayor que cuando iba todos los días a la oficina | AA4: Mucho Mayor que cuando iba todos los días a la oficina | AB4: Mayor que cuando iba todos los días a la oficina | AC4: Mucho Mejor que cuando iba todos los días a la oficina | AD4: Mejora mucho mi desempeño en el trabajo | AE4: No afectan a mi productividad | AF4: Igual que cuando iba todos los días a la oficina | AG4: Igual que cuando iba todos los días a la oficina | AH4: Igual que cuando iba todos los días a la oficina | AI4: No trabajo con personas de distintas culturas | AJ4: Mucho menos que cuando iba todos los días a la oficina | AK4: Mucho menos que cuando iba todos los días a la oficina | AL4: Igual que cuando iba todos los días a la oficina | AM4: Igual que cuando iba todos los días a la oficina | AN4: Igual que cuando iba todos los días a la oficina | AO4: Igual que cuando iba todos los días a la oficina | AP4: Igual que cuando iba todos los días a la oficina | AQ4: Menores que cuando iba todos los días a la oficina | AR4: Igual que cuando iba todos los días a la oficina | AS4: Igual que cuando iba todos los días a la oficina | AT4: Mucho menor que cuando iba todos los días a la oficina | AU4: Igual que cuando iba todos los días a la oficina | AV4: Igual que cuando iba todos los días a la oficina | AW4: Igual que cuando iba todos los días a la oficina | AX4: Igual que cuando iba todos los días a la oficina | AY4: Mucho mayor que cuando iba todos los días a la oficina | AZ4: Mucho menores que cuando iba todos los días a la oficina | BA4: Mucho menor que cuando iba todos los días a la oficina | BB4: No hay diferencias culturales en mi equipo | BC4: Mayor que cuando iba todos los días a la oficina | BD4: Iguales que cuando iba todos los días a la oficina | BE4: No tengo que utilizar diferentes idiomas en mi trabajo | BF4: Menos que cuando iba todos los días a la oficina | BG4: Igual que cuando iba todos los días a la oficina | BH4: Mucho menores que cuando iba todos los días a la oficina | BI4: Mucho mayor que cuando iba todos los días a la oficina | BJ4: Menor que cuando iba todos los días a la oficina | BK4: Menos que cuando iba todos los días a la oficina | BL4: Menores que cuando iba todos los días a la oficina | BM4: Igual que cuando iba todos los días a la oficina | BN4: Mayor que cuando iba todos los días a la oficina | BO4: Mayor que cuando iba todos los días a la oficina | BP4: Mayor que cuando iba todos los días a la oficina | BQ4: Igual que cuando iba todos los días a la oficina | BR4: Igual que cuando iba todos los días a la oficina | BS4: Igual que cuando iba todos los días a la oficina | BT4: Mayor que cuando iba todos los días a la oficina | BU4: Igual que cuando iba todos los días a la oficina | BV4: Igual que cuando iba todos los días a la oficina | BW4: Menos que cuando iba todos los días a la oficina | BX4: Iguales que cuando iba todos los días a la oficina | BY4: Mayor que cuando iba todos los días a la oficina | BZ4: Mucho Mayor que cuando iba todos los días a la oficina | CA4: Mayor que cuando iba todos los días a la oficina | CB4: Menor que cuando iba todos los días a la oficina | CC4: Menor que cuando iba todos los días a la oficina | CD4: Menor que cuando iba todos los días a la oficina | CE4: Mejor que cuando iba todos los días a la oficina | CF4: Mayor que cuando iba todos los días a la oficina | CG4: Igual que cuando iba todos los días a la oficina | CH4: Mayor que cuando iba todos los días a la oficina | CI4: Mayor que cuando iba todos los días a la oficina | CJ4: Menor que cuando iba todos los días a la oficina | CK4: Menores que cuando iba todos los días a la oficina | CL4: Menor que cuando iba todos los días a la oficina | CM4: Mayor que cuando iba todos los días a la oficina | CN4: baeza.natalia@gmail.com | CO4: <301 empleados | CP4: =IFERROR(VLOOKUP(H4,'Lista Lideres'!$A$1:$B$350,2,0),0) -> 1
A5: 45596.597 | B5: Argentina | C5: <35 años | D5: Masculino | E5: Universitario completo | F5: 5-10 años | G5: Software Engineer | H5: Senior Software Engineer | I5: 51-150 empleados | J5: Empresa que desarrolla software a medida partiendo desde cero | K5: Multinacional | L5: Frecuentemente | M5: Alto | N5: >5 días | O5: Ninguno | P5: Remota ( todos los días en casa) | Q5: Impuesta por la empresa | R5: De acuerdo | S5: Mucho mayor que cuando iba todos los días a la oficina | T5: Menor que cuando iba todos los días a la oficina | U5: Igual que cuando iba todos los días a la oficina | V5: Iguales que cuando iba todos los días a la oficina | W5: Todas por videoconferencia | X5: Mucho menor que cuando eran en la oficina | Y5: Mucho Mayor que cuando iba todos los días a la oficina | Z5: Mayor que cuando iba todos los días a la oficina | AA5: Mayor que cuando iba todos los días a la oficina | AB5: Mucho Mayor que cuando iba todos los días a la oficina | AC5: Mucho Mejor que cuando iba todos los días a la oficina | AD5: No me influye | AE5: Mejoran mucho mi productividad | AF5: Mucho mayor que cuando iba todos los días a la oficina | AG5: Igual que cuando iba todos los días a la oficina | AH5: Igual que cuando iba todos los días a la oficina | AI5: Mucho menos que cuando iba todos los días a la oficina | AJ5: Mucho menos que cuando iba todos los días a la oficina | AK5: Mucho menos que cuando iba todos los días a la oficina | AL5: No tengo la información para contestar a la pregunta | AM5: Igual que cuando iba todos los días a la oficina | AN5: Mucho menos que cuando iba todos los días a la oficina | AO5: Igual que cuando iba todos los días a la oficina | AP5: Igual que cuando iba todos los días a la oficina | AQ5: Mayores que cuando iba todos los días a la oficina | AR5: Mayor que cuando iba todos los días a la oficina | AS5: Igual que cuando iba todos los días a la oficina | AT5: Mucho menor que cuando iba todos los días a la oficina | AU5: Mucho Mayor que cuando iba todos los días a la oficina | AV5: Mucho menor que cuando iba todos los días a la oficina | AW5: Mucho menor que cuando iba todos los días a la oficina | AX5: Igual que cuando iba todos los días a la oficina | AY5: Mayor que cuando iba todos los días a la oficina | AZ5: Menores que cuando iba todos los días a la oficina | BA5: Mayor que cuando iba todos los días a la oficina | BB5: Menores que cuando iba todos los días a la oficina | BC5: Igual que cuando iba todos los días a la oficina | BD5: Iguales que cuando iba todos los días a la oficina | BE5: Mucho menores que cuando iba todos los días a la oficina | BF5: Menos que cuando iba todos los días a la oficina | BG5: Igual que cuando iba todos los días a la oficina | BH5: Mucho menores que cuando iba todos los días a la oficina | BI5: Mucho mayor que cuando iba todos los días a la oficina | BJ5: Igual que cuando iba todos los días a la oficina | BK5: Igual que cuando iba todos los días a la oficina | BL5: Iguales que cuando iba todos los días a la oficina | BM5: Igual que cuando iba todos los días a la oficina | BN5: Mucho Mayor que cuando iba todos los días a la oficina | BO5: Igual que cuando iba todos los días a la oficina | BP5: Mucho mayor que cuando iba todos los días a la oficina | BQ5: Mucho Mayor que cuando iba todos los días a la oficina | BR5: Igual que cuando iba todos los días a la oficina | BS5: Mucho Mayor que cuando iba todos los días a la oficina | BT5: Mucho Mayor que cuando iba todos los días a la oficina | BU5: Menor que cuando iba todos los días a la oficina | BV5: Mayor que cuando iba todos los días a la oficina | BW5: Igual que cuando iba todos los días a la oficina | BX5: Iguales que cuando iba todos los días a la oficina | BY5: Mucho Mayor que cuando iba todos los días a la oficina | BZ5: Mucho Mayor que cuando iba todos los días a la oficina | CA5: Igual que cuando iba todos los días a la oficina | CB5: Menor que cuando iba todos los días a la oficina | CC5: Igual que cuando iba todos los días a la oficina | CD5: Mayor que cuando iba todos los días a la oficina | CE5: Mejor que cuando iba todos los días a la oficina | CF5: Menor que cuando iba todos los días a la oficina | CG5: Mucho menor que cuando iba todos los días a la oficina | CH5: Igual que cuando iba todos los días a la oficina | CI5: Mayor que cuando iba todos los días a la oficina | CJ5: Igual que cuando iba todos los días a la oficina | CK5: Iguales que cuando iba todos los días a la oficina | CL5: Igual que cuando iba todos los días a la oficina | CM5: Mucho mayor que cuando iba todos los días a la oficina | CO5: <301 empleados | CP5: =IFERROR(VLOOKUP(H5,'Lista Lideres'!$A$1:$B$350,2,0),0) -> 0
A6: 45573.743 | B6: Colombia | C6: <35 años | D6: Masculino | E6: Magister | F6: 11-20 años | G6: Arquitecto de Datos | H6: Arquitecto de Datos | I6: >500 empleados. | J6: Empresa que subcontrata (outsourcing) los servicios de otra del mismo país | K6: Nacional (múltiples sedes en el mismo país) | L6: A veces | M6: Alto | N6: >5 días | O6: Ninguno | P6: Híbrida casa (más días en casa que en la oficina) | Q6: Decidida por ti | R6: Totalmente de acuerdo | S6: Menor que cuando iba todos los días a la oficina | T6: Igual que cuando iba todos los días a la oficina | U6: Igual que cuando iba todos los días a la oficina | V6: Iguales que cuando iba todos los días a la oficina | W6: Todas por videoconferencia | X6: Igual que cuando eran en la oficina | Y6: Igual que cuando iba todos los días a la oficina | Z6: Igual que cuando iba todos los días a la oficina | AA6: Menor que cuando iba todos los días a la oficina | AB6: Igual que cuando iba todos los días a la oficina | AC6: Mucho Mejor que cuando iba todos los días a la oficina | AD6: Mejora mucho mi desempeño en el trabajo | AE6: No afectan a mi productividad | AF6: Mayor que cuando iba todos los días a la oficina | AG6: Mayor que cuando iba todos los días a la oficina | AH6: Más que cuando iba todos los días a la oficina | AI6: Igual que cuando iba todos los días a la oficina | AJ6: Mucho más que cuando iba todos los días a la oficina | AK6: Mucho más que cuando iba todos los días a la oficina | AL6: Igual que cuando iba todos los días a la oficina | AM6: Igual que cuando iba todos los días a la oficina | AN6: Mas que cuando iba todos los días a la oficina | AO6: Mas que cuando iba todos los días a la oficina | AP6: Mucho mas que cuando iba todos los días a la oficina | AQ6: Menores que cuando iba todos los días a la oficina | AR6: Igual que cuando iba todos los días a la oficina | AS6: Igual que cuando iba todos los días a la oficina | AT6: Igual que cuando iba todos los días a la oficina | AU6: Igual que cuando iba todos los días a la oficina | AV6: Igual que cuando iba todos los días a la oficina | AW6: Igual que cuando iba todos los días a la oficina | AX6: Igual que cuando iba todos los días a la oficina | AY6: Mucho mayor que cuando iba todos los días a la oficina | AZ6: Iguales que cuando iba todos los días a la oficina | BA6: Mucho mayor que cuando iba todos los días a la oficina | BB6: Iguales que cuando iba todos los días a la oficina | BC6: Igual que cuando iba todos los días a la oficina | BD6: Mayores que cuando iba todos los días a la oficina | BE6: Iguales que cuando iba todos los días a la oficina | BF6: Más que cuando iba todos los días a la oficina | BG6: Igual que cuando iba todos los días a la oficina | BH6: Iguales que cuando iba todos los días a la oficina | BI6: Mayor que cuando iba todos los días a la oficina | BJ6: Igual que cuando iba todos los días a la oficina | BK6: Mucho más que cuando iba todos los días a la oficina | BL6: Iguales que cuando iba todos los días a la oficina | BM6: Igual que cuando iba todos los días a la oficina | BN6: Igual que cuando iba todos los días a la oficina | BO6: Igual que cuando iba todos los días a la oficina | BP6: Mucho mayor que cuando iba todos los días a la oficina | BQ6: Igual que cuando iba todos los días a la oficina | BR6: Igual que cuando iba todos los días a la oficina | BS6: Igual que cuando iba todos los días a la oficina | BT6: Mucho Mayor que cuando iba todos los días a la oficina | BU6: Igual que cuando iba todos los días a la oficina | BV6: Igual que cuando iba todos los días a la oficina | BW6: Igual que cuando iba todos los días a la oficina | BX6: Iguales que cuando iba todos los días a la oficina | BY6: Igual que cuando iba todos los días a la oficina | BZ6: Mucho Mayor que cuando iba todos los días a la oficina | CA6: Igual que cuando iba todos los días a la oficina | CB6: Igual que cuando iba todos los días a la oficina | CC6: Igual que cuando iba todos los días a la oficina | CD6: Igual que cuando iba todos los días a la oficina | CE6: Igual que cuando iba todos los días a la oficina | CF6: Igual que cuando iba todos los días a la oficina | CG6: Igual que cuando iba todos los días a la oficina | CH6: Igual que cuando iba todos los días a la oficina | CI6: Igual que cuando iba todos los días a la oficina | CJ6: Igual que cuando iba todos los días a la oficina | CK6: Iguales que cuando iba todos los días a la oficina | CL6: Igual que cuando iba todos los días a la oficina | CM6: Mayor que cuando iba todos los días a la oficina | CN6: e.jayo@uniandes.edu.co | CO6: 301+ empleados | CP6: =IFERROR(VLOOKUP(H6,'Lista Lideres'!$A$1:$B$350,2,0),0) -> 0
A7: 45572.985 | B7: Colombia | C7: <35 años | D7: Masculino | E7: Pregrado | F7: 5-10 años | G7: Backend Developer | H7: Software Engineer | I7: 51-150 empleados | J7: Empresa que subcontrata (outsourcing) los servicios de otra empresa situada en otro país | K7: Multinacional | L7: Casi Nunca | M7: Alto | N7: >5 días | O7: Ninguno | P7: Remota ( todos los días en casa) | Q7: Impuesta por la empresa | R7: Totalmente en desacuerdo | S7: Menor que cuando iba todos los días a la oficina | T7: Mucho Mayor que cuando iba todos los días a la oficina | U7: Mucho Mayor que cuando iba todos los días a la oficina | V7: Muy diferentes que cuando iba todos los días a la oficina, ahora necesito muchas menos horas para hacer lo mismo | W7: Todas por videoconferencia | X7: Mucho menor que cuando eran en la oficina | Y7: Mucho Mayor que cuando iba todos los días a la oficina | Z7: Mucho Mayor que cuando iba todos los días a la oficina | AA7: Mucho Mayor que cuando iba todos los días a la oficina | AB7: Menor que cuando iba todos los días a la oficina | AC7: Mucho Mejor que cuando iba todos los días a la oficina | AD7: Mejora mucho mi desempeño en el trabajo | AE7: Disminuyen mi productividad | AF7: Igual que cuando iba todos los días a la oficina | AG7: No tengo la información para contestar a la pregunta | AH7: Mucho menos que cuando iba todos los días a la oficina | AI7: Más que cuando iba todos los días a la oficina | AJ7: Más que cuando iba todos los días a la oficina | AK7: Menos que cuando iba todos los días a la oficina | AL7: Mucho más que cuando iba todos los días a la oficina | AM7: Mas que cuando iba todos los días a la oficina | AN7: Mucho más que cuando iba todos los días a la oficina | AO7: Igual que cuando iba todos los días a la oficina | AP7: Igual que cuando iba todos los días a la oficina | AQ7: Iguales que cuando iba todos los días a la oficina | AR7: Igual que cuando iba todos los días a la oficina | AS7: Mucho Mayor que cuando iba todos los días a la oficina | AT7: Mucho menor que cuando iba todos los días a la oficina | AU7: Mucho Mayor que cuando iba todos los días a la oficina | AV7: Mucho menor que cuando iba todos los días a la oficina | AW7: Mucho menor que cuando iba todos los días a la oficina | AX7: Mucho menor que cuando iba todos los días a la oficina | AY7: Mucho mayor que cuando iba todos los días a la oficina | AZ7: Mucho menores que cuando iba todos los días a la oficina | BA7: Mucho mayor que cuando iba todos los días a la oficina | BB7: Iguales que cuando iba todos los días a la oficina | BC7: Mucho mayor que cuando iba todos los días a la oficina | BD7: Mayores que cuando iba todos los días a la oficina | BE7: No tengo que utilizar diferentes idiomas en mi trabajo | BF7: Más que cuando iba todos los días a la oficina | BG7: Menor que cuando iba todos los días a la oficina | BH7: Mucho menores que cuando iba todos los días a la oficina | BI7: Mucho mayor que cuando iba todos los días a la oficina | BJ7: Igual que cuando iba todos los días a la oficina | BK7: Mucho menos que cuando iba todos los días a la oficina | BL7: Menores que cuando iba todos los días a la oficina | BM7: Mucho mejor que cuando iba todos los días a la oficina | BN7: Mucho Mayor que cuando iba todos los días a la oficina | BO7: Igual que cuando iba todos los días a la oficina | BP7: Mucho mayor que cuando iba todos los días a la oficina | BQ7: Mucho Mayor que cuando iba todos los días a la oficina | BR7: Mucho Mayor que cuando iba todos los días a la oficina | BS7: Mucho Mayor que cuando iba todos los días a la oficina | BT7: Mucho Mayor que cuando iba todos los días a la oficina | BU7: Mucho menor que cuando iba todos los días a la oficina | BV7: Mucho menor que cuando iba todos los días a la oficina | BW7: Mucho menos que cuando iba todos los días a la oficina | BX7: Mucho menores que cuando iba todos los días a la oficina | BY7: Mucho Mayor que cuando iba todos los días a la oficina | BZ7: Mucho Mayor que cuando iba todos los días a la oficina | CA7: Igual que cuando iba todos los días a la oficina | CB7: Mucho menor que cuando iba todos los días a la oficina | CC7: Menor que cuando iba todos los días a la oficina | CD7: Mayor que cuando iba todos los días a la oficina | CE7: Mucho Mejor que cuando iba todos los días a la oficina | CF7: Mucho Mayor que cuando iba todos los días a la oficina | CG7: Mucho menor que cuando iba todos los días a la oficina | CH7: Mucho menor que cuando iba todos los días a la oficina | CI7: Mucho Mayor que cuando iba todos los días a la oficina | CJ7: Mucho menor que cuando iba todos los días a la oficina | CK7: Mucho menores que cuando iba todos los días a la oficina | CL7: Mucho menor que cuando iba todos los días a la oficina | CM7: Mucho mayor que cuando iba todos los días a la oficina | CO7: <301 empleados | CP7: =IFERROR(VLOOKUP(H7,'Lista Lideres'!$A$1:$B$350,2,0),0) -> 0
A8: 45573.063 | B8: Colombia | C8: <35 años | D8: Masculino | E8: Profesional | F8: 5-10 años | G8: Desarollador junior | H8: Líder técnico de desarrollo | I8: 151-300 empleados | J8: Empresa que desarrolla software a medida partiendo desde cero | K8: Local | L8: Casi Nunca | M8: Alto | N8: >5 días | O8: Ninguno | P8: Remota ( todos los días en casa) | Q8: Impuesta por la empresa | R8: Totalmente en desacuerdo | S8: Igual que cuando iba todos los días a la oficina | T8: Igual que cuando iba todos los días a la oficina | U8: Igual que cuando iba todos los días a la oficina | V8: Iguales que cuando iba todos los días a la oficina | W8: Todas por videoconferencia | X8: Igual que cuando eran en la oficina | Y8: Mayor que cuando iba todos los días a la oficina | Z8: Mucho Mayor que cuando iba todos los días a la oficina | AA8: Mayor que cuando iba todos los días a la oficina | AB8: Mayor que cuando iba todos los días a la oficina | AC8: Igual que cuando iba todos los días a la oficina | AD8: Mejora mi desempeño en el trabajo | AE8: Mejoran mi productividad | AF8: Igual que cuando iba todos los días a la oficina | AG8: Igual que cuando iba todos los días a la oficina | AH8: Igual que cuando iba todos los días a la oficina | AI8: Igual que cuando iba todos los días a la oficina | AJ8: Igual que cuando iba todos los días a la oficina | AK8: Igual que cuando iba todos los días a la oficina | AL8: Igual que cuando iba todos los días a la oficina | AM8: Igual que cuando iba todos los días a la oficina | AN8: Igual que cuando iba todos los días a la oficina | AO8: Igual que cuando iba todos los días a la oficina | AP8: Igual que cuando iba todos los días a la oficina | AQ8: Iguales que cuando iba todos los días a la oficina | AR8: Igual que cuando iba todos los días a la oficina | AS8: Igual que cuando iba todos los días a la oficina | AT8: Igual que cuando iba todos los días a la oficina | AU8: Igual que cuando iba todos los días a la oficina | AV8: Igual que cuando iba todos los días a la oficina | AW8: Igual que cuando iba todos los días a la oficina | AX8: Igual que cuando iba todos los días a la oficina | AY8: Igual que cuando iba todos los días a la oficina | AZ8: Iguales que cuando iba todos los días a la oficina | BA8: Igual que cuando iba todos los días a la oficina | BB8: Iguales que cuando iba todos los días a la oficina | BC8: Mayor que cuando iba todos los días a la oficina | BD8: Iguales que cuando iba todos los días a la oficina | BE8: Iguales que cuando iba todos los días a la oficina | BF8: Igual que cuando iba todos los días a la oficina | BG8: Igual que cuando iba todos los días a la oficina | BH8: Iguales que cuando iba todos los días a la oficina | BI8: Igual que cuando iba todos los días a la oficina | BJ8: Igual que cuando iba todos los días a la oficina | BK8: Igual que cuando iba todos los días a la oficina | BL8: Iguales que cuando iba todos los días a la oficina | BM8: Igual que cuando iba todos los días a la oficina | BN8: Igual que cuando iba todos los días a la oficina | BO8: Mayor que cuando iba todos los días a la oficina | BP8: Mayor que cuando iba todos los días a la oficina | BQ8: Igual que cuando iba todos los días a la oficina | BR8: Igual que cuando iba todos los días a la oficina | BS8: Igual que cuando iba todos los días a la oficina | BT8: Igual que cuando iba todos los días a la oficina | BU8: Igual que cuando iba todos los días a la oficina | BV8: Igual que cuando iba todos los días a la oficina | BW8: Igual que cuando iba todos los días a la oficina | BX8: Iguales que cuando iba todos los días a la oficina | BY8: Igual que cuando iba todos los días a la oficina | BZ8: Igual que cuando iba todos los días a la oficina | CA8: Igual que cuando iba todos los días a la oficina | CB8: Igual que cuando iba todos los días a la oficina | CC8: Igual que cuando iba todos los días a la oficina | CD8: Igual que cuando iba todos los días a la oficina | CE8: Igual que cuando iba todos los días a la oficina | CF8: Igual que cuando iba todos los días a la oficina | CG8: Igual que cuando iba todos los días a la oficina | CH8: Igual que cuando iba todos los días a la oficina | CI8: Igual que cuando iba todos los días a la oficina | CJ8: Igual que cuando iba todos los días a la oficina | CK8: Iguales que cuando iba todos los días a la oficina | CL8: Igual que cuando iba todos los días a la oficina | CM8: Igual que cuando iba todos los días a la oficina | CN8: de.escobarc1@uniandes.edu.co | CO8: <301 empleados | CP8: =IFERROR(VLOOKUP(H8,'Lista Lideres'!$A$1:$B$350,2,0),0) -> 1
A9: 45562.001 | B9: Colombia | C9: <35 años | D9: Masculino | E9: Postgrado | F9: 5-10 años | G9: Desarrollador de Software | H9: Tech Lead | I9: 301-500 empleados | J9: Fábrica de Software | K9: Local | L9: Casi Nunca | M9: Alto | N9: >5 días | O9: Ninguno | P9: Remota ( todos los días en casa) | Q9: Consensuada por las dos partes | R9: De acuerdo | S9: Igual que cuando iba todos los días a la oficina | T9: Igual que cuando iba todos los días a la oficina | U9: Igual que cuando iba todos los días a la oficina | V9: Iguales que cuando iba todos los días a la oficina | W9: Casi todas por videoconferencia | X9: Menor que cuando eran en la oficina | Y9: Mayor que cuando iba todos los días a la oficina | Z9: Igual que cuando iba todos los días a la oficina | AA9: Igual que cuando iba todos los días a la oficina | AB9: Igual que cuando iba todos los días a la oficina | AC9: Mucho Mejor que cuando iba todos los días a la oficina | AD9: Mejora mi desempeño en el trabajo | AE9: No afectan a mi productividad | AF9: Igual que cuando iba todos los días a la oficina | AG9: Menor que cuando iba todos los días a la oficina | AH9: Igual que cuando iba todos los días a la oficina | AI9: Igual que cuando iba todos los días a la oficina | AJ9: No trabajo con personas con un horario distinto al mío | AK9: Igual que cuando iba todos los días a la oficina | AL9: No tengo la información para contestar a la pregunta | AM9: Menos que cuando iba todos los días a la oficina | AN9: Igual que cuando iba todos los días a la oficina | AO9: Igual que cuando iba todos los días a la oficina | AP9: Igual que cuando iba todos los días a la oficina | AQ9: Iguales que cuando iba todos los días a la oficina | AR9: Igual que cuando iba todos los días a la oficina | AS9: Igual que cuando iba todos los días a la oficina | AT9: Menor que cuando iba todos los días a la oficina | AU9: Mayor que cuando iba todos los días a la oficina | AV9: Menor que cuando iba todos los días a la oficina | AW9: Menor que cuando iba todos los días a la oficina | AX9: Igual que cuando iba todos los días a la oficina | AY9: Mucho mayor que cuando iba todos los días a la oficina | AZ9: Mucho menores que cuando iba todos los días a la oficina | BA9: Igual que cuando iba todos los días a la oficina | BB9: No hay diferencias culturales en mi equipo | BC9: Igual que cuando iba todos los días a la oficina | BD9: Iguales que cuando iba todos los días a la oficina | BE9: No tengo que utilizar diferentes idiomas en mi trabajo | BF9: No trabajo con personas con distintos horarios | BG9: Igual que cuando iba todos los días a la oficina | BH9: Mucho menores que cuando iba todos los días a la oficina | BI9: Mucho mayor que cuando iba todos los días a la oficina | BJ9: Igual que cuando iba todos los días a la oficina | BK9: No tengo la información para contestar a la pregunta | BL9: Iguales que cuando iba todos los días a la oficina | BM9: Igual que cuando iba todos los días a la oficina | BN9: Mucho Mayor que cuando iba todos los días a la oficina | BO9: Mucho Mayor que cuando iba todos los días a la oficina | BP9: Mucho mayor que cuando iba todos los días a la oficina | BQ9: Mayor que cuando iba todos los días a la oficina | BR9: Igual que cuando iba todos los días a la oficina | BS9: Mayor que cuando iba todos los días a la oficina | BT9: Mucho Mayor que cuando iba todos los días a la oficina | BU9: Mucho Mayor que cuando iba todos los días a la oficina | BV9: Igual que cuando iba todos los días a la oficina | BW9: Igual que cuando iba todos los días a la oficina | BX9: Menores que cuando iba todos los días a la oficina | BY9: Igual que cuando iba todos los días a la oficina | BZ9: Mayor que cuando iba todos los días a la oficina | CA9: Igual que cuando iba todos los días a la oficina | CB9: Menor que cuando iba todos los días a la oficina | CC9: Igual que cuando iba todos los días a la oficina | CD9: Igual que cuando iba todos los días a la oficina | CE9: Mejor que cuando iba todos los días a la oficina | CF9: Igual que cuando iba todos los días a la oficina | CG9: Igual que cuando iba todos los días a la oficina | CH9: Igual que cuando iba todos los días a la oficina | CI9: Mucho Mayor que cuando iba todos los días a la oficina | CJ9: Mucho menor que cuando iba todos los días a la oficina | CK9: Iguales que cuando iba todos los días a la oficina | CL9: Igual que cuando iba todos los días a la oficina | CM9: Mucho mayor que cuando iba todos los días a la oficina | CN9: xavigonpa@gmail.com | CO9: 301+ empleados | CP9: =IFERROR(VLOOKUP(H9,'Lista Lideres'!$A$1:$B$350,2,0),0) -> 1
A10: 45572.954 | B10: Colombia | C10: <35 años | D10: Masculino | E10: Maestria | F10: 5-10 años | G10: Desarrollador de Software | H10: Software Designer | I10: >500 empleados. | J10: Fábrica de Software | K10: Multinacional | L10: Muy Frecuentemente | M10: Alto | N10: >5 días | O10: Ninguno | P10: Remota ( todos los días en casa) | Q10: Decidida por ti | R10: Totalmente de acuerdo | S10: Igual que cuando iba todos los días a la oficina | T10: Igual que cuando iba todos los días a la oficina | U10: Igual que cuando iba todos los días a la oficina | V10: Iguales que cuando iba todos los días a la oficina | W10: Todas por videoconferencia | X10: Mucho Mayor que cuando eran en la oficina | Y10: Mucho Mayor que cuando iba todos los días a la oficina | Z10: Mucho Mayor que cuando iba todos los días a la oficina | AA10: Mayor que cuando iba todos los días a la oficina | AB10: Mayor que cuando iba todos los días a la oficina | AC10: Mayor que cuando iba todos los días a la oficina | AD10: No me influye | AE10: Mejoran mucho mi productividad | AF10: Igual que cuando iba todos los días a la oficina | AG10: Mucho mayor que cuando iba todos los días a la oficina | AH10: Mucho menos que cuando iba todos los días a la oficina | AI10: Igual que cuando iba todos los días a la oficina | AJ10: Mucho menos que cuando iba todos los días a la oficina | AK10: Mucho menos que cuando iba todos los días a la oficina | AL10: Mucho más que cuando iba todos los días a la oficina | AM10: Menos que cuando iba todos los días a la oficina | AN10: Menos que cuando iba todos los días a la oficina | AO10: Menos que cuando iba todos los días a la oficina | AP10: Mucho mas que cuando iba todos los días a la oficina | AQ10: Mucho Mayores que cuando iba todos los días a la oficina | AR10: Mucho Mayor que cuando iba todos los días a la oficina | AS10: Mucho Mayor que cuando iba todos los días a la oficina | AT10: Mucho menor que cuando iba todos los días a la oficina | AU10: Mucho Mayor que cuando iba todos los días a la oficina | AV10: Mucho menor que cuando iba todos los días a la oficina | AW10: Mucho menor que cuando iba todos los días a la oficina | AX10: Mucho menor que cuando iba todos los días a la oficina | AY10: Mucho mayor que cuando iba todos los días a la oficina | AZ10: Mucho menores que cuando iba todos los días a la oficina | BA10: Mucho mayor que cuando iba todos los días a la oficina | BB10: No hay diferencias culturales en mi equipo | BC10: Mucho mayor que cuando iba todos los días a la oficina | BD10: Mucho menores que cuando iba todos los días a la oficina | BE10: Mucho menores que cuando iba todos los días a la oficina | BF10: Mucho menos que cuando iba todos los días a la oficina | BG10: Menor que cuando iba todos los días a la oficina | BH10: Menores que cuando iba todos los días a la oficina | BI10: Mucho mayor que cuando iba todos los días a la oficina | BJ10: Igual que cuando iba todos los días a la oficina | BK10: Menos que cuando iba todos los días a la oficina | BL10: Menores que cuando iba todos los días a la oficina | BM10: Igual que cuando iba todos los días a la oficina | BN10: Mucho Mayor que cuando iba todos los días a la oficina | BO10: Mucho Mayor que cuando iba todos los días a la oficina | BP10: Mucho mayor que cuando iba todos los días a la oficina | BQ10: Mucho Mayor que cuando iba todos los días a la oficina | BR10: Mucho Mayor que cuando iba todos los días a la oficina | BS10: Mucho Mayor que cuando iba todos los días a la oficina | BT10: Mucho Mayor que cuando iba todos los días a la oficina | BU10: Menor que cuando iba todos los días a la oficina | BV10: Menor que cuando iba todos los días a la oficina | BW10: Mucho mas que cuando iba todos los días a la oficina | BX10: Mucho Mayores que cuando iba todos los días a la oficina | BY10: Mucho Mayor que cuando iba todos los días a la oficina | BZ10: Mucho Mayor que cuando iba todos los días a la oficina | CA10: Mucho Mayor que cuando iba todos los días a la oficina | CB10: Menor que cuando iba todos los días a la oficina | CC10: Mucho Mayor que cuando iba todos los días a la oficina | CD10: Menor que cuando iba todos los días a la oficina | CE10: Mucho Mejor que cuando iba todos los días a la oficina | CF10: Mucho Mayor que cuando iba todos los días a la oficina | CG10: Mucho Mayor que cuando iba todos los días a la oficina | CH10: Mucho Mayor que cuando iba todos los días a la oficina | CI10: Mucho Mayor que cuando iba todos los días a la oficina | CJ10: Mucho Mayor que cuando iba todos los días a la oficina | CK10: Mucho Mayores que cuando iba todos los días a la oficina | CL10: Mucho Mayor que cuando iba todos los días a la oficina | CM10: Mucho mayor que cuando iba todos los días a la oficina | CO10: 301+ empleados | CP10: =IFERROR(VLOOKUP(H10,'Lista Lideres'!$A$1:$B$350,2,0),0) -> 0
A11: 45572.985 | B11: Colombia | C11: <35 años | D11: Femenino | E11: Universitario | F11: 5-10 años | G11: Desarrollador de software | H11: Desarrollador de software | I11: >500 empleados. | J11: Empresa que desarrolla software a medida partiendo desde cero | K11: Multinacional | L11: Muy Frecuentemente | M11: Alto | N11: >5 días | O11: Ninguno | P11: Remota ( todos los días en casa) | Q11: Consensuada por las dos partes | R11: Totalmente de acuerdo | S11: Igual que cuando iba todos los días a la oficina | T11: Igual que cuando iba todos los días a la oficina | U11: Igual que cuando iba todos los días a la oficina | V11: Diferentes que cuando iba todos los días a la oficina, ahora necesito menos horas para hacer lo mismo | W11: Todas por videoconferencia | X11: Menor que cuando eran en la oficina | Y11: Mucho Mayor que cuando iba todos los días a la oficina | Z11: No tengo la información para contestar a la pregunta | AA11: Mayor que cuando iba todos los días a la oficina | AB11: Mayor que cuando iba todos los días a la oficina | AC11: Igual que cuando iba todos los días a la oficina | AD11: Mejora mi desempeño en el trabajo | AE11: Mejoran mi productividad | AF11: Mayor que cuando iba todos los días a la oficina | AG11: No tengo la información para contestar a la pregunta | AH11: No tengo la información para contestar a la pregunta | AI11: Mucho menos que cuando iba todos los días a la oficina | AJ11: Igual que cuando iba todos los días a la oficina | AK11: Igual que cuando iba todos los días a la oficina | AL11: Igual que cuando iba todos los días a la oficina | AM11: Igual que cuando iba todos los días a la oficina | AN11: Igual que cuando iba todos los días a la oficina | AO11: Igual que cuando iba todos los días a la oficina | AP11: Igual que cuando iba todos los días a la oficina | AQ11: Mucho Mayores que cuando iba todos los días a la oficina | AR11: Igual que cuando iba todos los días a la oficina | AS11: Mayor que cuando iba todos los días a la oficina | AT11: Mucho menor que cuando iba todos los días a la oficina | AU11: Igual que cuando iba todos los días a la oficina | AV11: Menor que cuando iba todos los días a la oficina | AW11: Menor que cuando iba todos los días a la oficina | AX11: Mayor que cuando iba todos los días a la oficina | AY11: Mucho mayor que cuando iba todos los días a la oficina | AZ11: Iguales que cuando iba todos los días a la oficina | BA11: Igual que cuando iba todos los días a la oficina | BB11: Iguales que cuando iba todos los días a la oficina | BC11: Mucho mayor que cuando iba todos los días a la oficina | BD11: Menores que cuando iba todos los días a la oficina | BE11: Menores que cuando iba todos los días a la oficina | BF11: Mucho menos que cuando iba todos los días a la oficina | BG11: Igual que cuando iba todos los días a la oficina | BH11: Menores que cuando iba todos los días a la oficina | BI11: Mucho mayor que cuando iba todos los días a la oficina | BJ11: Mayor que cuando iba todos los días a la oficina | BK11: Menos que cuando iba todos los días a la oficina | BL11: Menores que cuando iba todos los días a la oficina | BM11: Igual que cuando iba todos los días a la oficina | BN11: Mucho Mayor que cuando iba todos los días a la oficina | BO11: Mucho Mayor que cuando iba todos los días a la oficina | BP11: Mucho mayor que cuando iba todos los días a la oficina | BQ11: Igual que cuando iba todos los días a la oficina | BR11: Igual que cuando iba todos los días a la oficina | BS11: Igual que cuando iba todos los días a la oficina | BT11: Mucho Mayor que cuando iba todos los días a la oficina | BU11: Mucho menor que cuando iba todos los días a la oficina | BV11: Mayor que cuando iba todos los días a la oficina | BW11: Igual que cuando iba todos los días a la oficina | BX11: Iguales que cuando iba todos los días a la oficina | BY11: Mucho Mayor que cuando iba todos los días a la oficina | BZ11: Mucho Mayor que cuando iba todos los días a la oficina | CA11: Igual que cuando iba todos los días a la oficina | CB11: Mucho menor que cuando iba todos los días a la oficina | CC11: Menor que cuando iba todos los días a la oficina | CD11: Mayor que cuando iba todos los días a la oficina | CE11: Mejor que cuando iba todos los días a la oficina | CF11: Mayor que cuando iba todos los días a la oficina | CG11: Menor que cuando iba todos los días a la oficina | CH11: Igual que cuando iba todos los días a la oficina | CI11: Mucho Mayor que cuando iba todos los días a la oficina | CJ11: Igual que cuando iba todos los días a la oficina | CK11: Iguales que cuando iba todos los días a la oficina | CL11: Igual que cuando iba todos los días a la oficina | CM11: Mucho mayor que cuando iba todos los días a la oficina | CO11: 301+ empleados | CP11: =IFERROR(VLOOKUP(H11,'Lista Lideres'!$A$1:$B$350,2,0),0) -> 0
A12: 45573.206 | B12: Colombia | C12: <35 años | D12: Masculino | E12: Profesional | F12: 5-10 años | G12: Desarrollador de software | H12: Desarrollador de software | I12: >500 empleados. | J12: Fábrica de Software | K12: Multinacional | L12: Frecuentemente | M12: Alto | N12: >5 días | O12: Ninguno | P12: Remota ( todos los días en casa) | Q12: Impuesta por la empresa | R12: De acuerdo | S12: Menor que cuando iba todos los días a la oficina | T12: Mucho menor que cuando iba todos los días a la oficina | U12: Menor que cuando iba todos los días a la oficina | V12: Diferentes que cuando iba todos los días a la oficina, ahora necesito menos horas para hacer lo mismo | W12: Todas por videoconferencia | X12: Menor que cuando eran en la oficina | Y12: Menor cuando iba todos los días a la oficina | Z12: Igual que cuando iba todos los días a la oficina | AA12: Igual que cuando iba todos los días a la oficina | AB12: Menor que cuando iba todos los días a la oficina | AC12: Mayor que cuando iba todos los días a la oficina | AD12: Mejora mucho mi desempeño en el trabajo | AE12: Mejoran mi productividad | AF12: Menor que cuando iba todos los días a la oficina | AG12: Menor que cuando iba todos los días a la oficina | AH12: Más que cuando iba todos los días a la oficina | AI12: Igual que cuando iba todos los días a la oficina | AJ12: Más que cuando iba todos los días a la oficina | AK12: Más que cuando iba todos los días a la oficina | AL12: Más que cuando iba todos los días a la oficina | AM12: Menos que cuando iba todos los días a la oficina | AN12: Menos que cuando iba todos los días a la oficina | AO12: Menos que cuando iba todos los días a la oficina | AP12: Menos que cuando iba todos los días a la oficina | AQ12: Mayores que cuando iba todos los días a la oficina | AR12: Igual que cuando iba todos los días a la oficina | AS12: Mayor que cuando iba todos los días a la oficina | AT12: Menor que cuando iba todos los días a la oficina | AU12: Mayor que cuando iba todos los días a la oficina | AV12: Menor que cuando iba todos los días a la oficina | AW12: Menor que cuando iba todos los días a la oficina | AX12: Menor que cuando iba todos los días a la oficina | AY12: Mayor que cuando iba todos los días a la oficina | AZ12: Menores que cuando iba todos los días a la oficina | BA12: Menor que cuando iba todos los días a la oficina | BB12: Iguales que cuando iba todos los días a la oficina | BC12: Igual que cuando iba todos los días a la oficina | BD12: Iguales que cuando iba todos los días a la oficina | BE12: Mayores que cuando iba todos los días a la oficina | BF12: Menos que cuando iba todos los días a la oficina | BG12: Menor que cuando iba todos los días a la oficina | BH12: Menores que cuando iba todos los días a la oficina | BI12: Mayor que cuando iba todos los días a la oficina | BJ12: Igual que cuando iba todos los días a la oficina | BK12: Menos que cuando iba todos los días a la oficina | BL12: Menores que cuando iba todos los días a la oficina | BM12: Mejor que cuando iba todos los días a la oficina | BN12: Mayor que cuando iba todos los días a la oficina | BO12: Mucho menor que cuando iba todos los días a la oficina | BP12: Mayor que cuando iba todos los días a la oficina | BQ12: Menor que cuando iba todos los días a la oficina | BR12: Mayor que cuando iba todos los días a la oficina | BS12: Mayor que cuando iba todos los días a la oficina | BT12: Mayor que cuando iba todos los días a la oficina | BU12: Mayor que cuando iba todos los días a la oficina | BV12: Menor que cuando iba todos los días a la oficina | BW12: Mas que cuando iba todos los días a la oficina | BX12: Menores que cuando iba todos los días a la oficina | BY12: Mayor que cuando iba todos los días a la oficina | BZ12: Mayor que cuando iba todos los días a la oficina | CA12: Mayor que cuando iba todos los días a la oficina | CB12: Mayor que cuando iba todos los días a la oficina | CC12: Menor que cuando iba todos los días a la oficina | CD12: Mucho menor que cuando iba todos los días a la oficina | CE12: Mejor que cuando iba todos los días a la oficina | CF12: Mayor que cuando iba todos los días a la oficina | CG12: Mucho menor que cuando iba todos los días a la oficina | CH12: Mayor que cuando iba todos los días a la oficina | CI12: Mayor que cuando iba todos los días a la oficina | CJ12: Menor que cuando iba todos los días a la oficina | CK12: Menores que cuando iba todos los días a la oficina | CL12: Mayor que cuando iba todos los días a la oficina | CM12: Mayor que cuando iba todos los días a la oficina | CO12: 301+ empleados | CP12: =IFERROR(VLOOKUP(H12,'Lista Lideres'!$A$1:$B$350,2,0),0) -> 0
A13: 45581.719 | B13: Colombia | C13: 36+ años | D13: Masculino | E13: Carrera Universitaria | F13: 5-10 años | G13: Desarrollador de software | H13: Ingeniero de software | I13: <50 empleados | J13: Empresa que desarrolla software a medida partiendo desde cero | K13: Local | L13: Frecuentemente | M13: Alto | N13: >5 días | O13: Ninguno | P13: Híbrida casa (más días en casa que en la oficina) | Q13: Impuesta por la empresa | R13: Totalmente de acuerdo | S13: Menor que cuando iba todos los días a la oficina | T13: Mucho menor que cuando iba todos los días a la oficina | U13: Mayor que cuando iba todos los días a la oficina | V13: Diferentes que cuando iba todos los días a la oficina, ahora necesito menos horas para hacer lo mismo | W13: Todas por videoconferencia | X13: Mucho menor que cuando eran en la oficina | Y13: Mayor que cuando iba todos los días a la oficina | Z13: Mayor que cuando iba todos los días a la oficina | AA13: Mayor que cuando iba todos los días a la oficina | AB13: Menor que cuando iba todos los días a la oficina | AC13: Mucho Mejor que cuando iba todos los días a la oficina | AD13: Mejora mucho mi desempeño en el trabajo | AE13: Mejoran mi productividad | AF13: Menor que cuando iba todos los días a la oficina | AG13: Igual que cuando iba todos los días a la oficina | AH13: Menos que cuando iba todos los días a la oficina | AI13: Menos que cuando iba todos los días a la oficina | AJ13: No trabajo con personas con un horario distinto al mío | AK13: Más que cuando iba todos los días a la oficina | AL13: Igual que cuando iba todos los días a la oficina | AM13: Igual que cuando iba todos los días a la oficina | AN13: Mas que cuando iba todos los días a la oficina | AO13: Mas que cuando iba todos los días a la oficina | AP13: Igual que cuando iba todos los días a la oficina | AQ13: Menores que cuando iba todos los días a la oficina | AR13: Menor que cuando iba todos los días a la oficina | AS13: Mayor que cuando iba todos los días a la oficina | AT13: Mayor que cuando iba todos los días a la oficina | AU13: Mayor que cuando iba todos los días a la oficina | AV13: Menor que cuando iba todos los días a la oficina | AW13: Menor que cuando iba todos los días a la oficina | AX13: Mayor que cuando iba todos los días a la oficina | AY13: Mucho mayor que cuando iba todos los días a la oficina | AZ13: Iguales que cuando iba todos los días a la oficina | BA13: Igual que cuando iba todos los días a la oficina | BB13: No hay diferencias culturales en mi equipo | BC13: Menor que cuando iba todos los días a la oficina | BD13: Menores que cuando iba todos los días a la oficina | BE13: Iguales que cuando iba todos los días a la oficina | BF13: Igual que cuando iba todos los días a la oficina | BG13: Menor que cuando iba todos los días a la oficina | BH13: Iguales que cuando iba todos los días a la oficina | BI13: Mayor que cuando iba todos los días a la oficina | BJ13: Mayor que cuando iba todos los días a la oficina | BK13: Igual que cuando iba todos los días a la oficina | BL13: Mayores que cuando iba todos los días a la oficina | BM13: Peor que cuando iba todos los días a la oficina | BN13: Igual que cuando iba todos los días a la oficina | BO13: Mayor que cuando iba todos los días a la oficina | BP13: Mucho mayor que cuando iba todos los días a la oficina | BQ13: Mayor que cuando iba todos los días a la oficina | BR13: Mayor que cuando iba todos los días a la oficina | BS13: Mayor que cuando iba todos los días a la oficina | BT13: Menor que cuando iba todos los días a la oficina | BU13: Menor que cuando iba todos los días a la oficina | BV13: Mayor que cuando iba todos los días a la oficina | BW13: Igual que cuando iba todos los días a la oficina | BX13: Menores que cuando iba todos los días a la oficina | BY13: Mayor que cuando iba todos los días a la oficina | BZ13: Menor que cuando iba todos los días a la oficina | CA13: Menor que cuando iba todos los días a la oficina | CB13: Igual que cuando iba todos los días a la oficina | CC13: Menor que cuando iba todos los días a la oficina | CD13: Igual que cuando iba todos los días a la oficina | CE13: Peor que cuando iba todos los días a la oficina | CF13: Menor que cuando iba todos los días a la oficina | CG13: Mucho menor que cuando iba todos los días a la oficina | CH13: Igual que cuando iba todos los días a la oficina | CI13: Mucho Mayor que cuando iba todos los días a la oficina | CJ13: Mucho menor que cuando iba todos los días a la oficina | CK13: Menores que cuando iba todos los días a la oficina | CL13: Menor que cuando iba todos los días a la oficina | CM13: Menor que cuando iba todos los días a la oficina | CN13: alvarezsoto13@gmail.com | CO13: <301 empleados | CP13: =IFERROR(VLOOKUP(H13,'Lista Lideres'!$A$1:$B$350,2,0),0) -> 0
A14: 45576.605 | B14: Colombia | C14: 36+ años | D14: Femenino | E14: Profesional | F14: <5 años | G14: Desarrollador de software | H14: Desarrollador de software | I14: 301-500 empleados | J14: Fábrica de Software | K14: Nacional (múltiples sedes en el mismo país) | L14: Nunca | M14: Alto | N14: >5 días | O14: Ninguno | P14: Remota ( todos los días en casa) | Q14: Impuesta por la empresa | R14: Totalmente en desacuerdo | S14: Mucho menor que cuando iba todos los días a la oficina | T14: Igual que cuando iba todos los días a la oficina | U14: Mucho Mayor que cuando iba todos los días a la oficina | V14: Muy diferentes que cuando iba todos los días a la oficina, ahora necesito muchas menos horas para hacer lo mismo | W14: Todas por videoconferencia | X14: Mucho menor que cuando eran en la oficina | Y14: Mucho Mayor que cuando iba todos los días a la oficina | Z14: Mucho Mayor que cuando iba todos los días a la oficina | AA14: Mucho Mayor que cuando iba todos los días a la oficina | AB14: Mayor que cuando iba todos los días a la oficina | AC14: Mucho Mejor que cuando iba todos los días a la oficina | AD14: Mejora mucho mi desempeño en el trabajo | AE14: Mejoran mucho mi productividad | AF14: Mayor que cuando iba todos los días a la oficina | AG14: Mucho mayor que cuando iba todos los días a la oficina | AH14: Mucho más que cuando iba todos los días a la oficina | AI14: No trabajo con personas de distintas culturas | AJ14: No trabajo con personas con un horario distinto al mío | AK14: Mucho menos que cuando iba todos los días a la oficina | AL14: Igual que cuando iba todos los días a la oficina | AM14: Menos que cuando iba todos los días a la oficina | AN14: Mucho más que cuando iba todos los días a la oficina | AO14: Mas que cuando iba todos los días a la oficina | AP14: Mucho mas que cuando iba todos los días a la oficina | AQ14: Mucho Mayores que cuando iba todos los días a la oficina | AR14: Mayor que cuando iba todos los días a la oficina | AS14: Igual que cuando iba todos los días a la oficina | AT14: Mucho menor que cuando iba todos los días a la oficina | AU14: Mayor que cuando iba todos los días a la oficina | AV14: Mayor que cuando iba todos los días a la oficina | AW14: Mayor que cuando iba todos los días a la oficina | AX14: Mucho menor que cuando iba todos los días a la oficina | AY14: Mayor que cuando iba todos los días a la oficina | AZ14: Iguales que cuando iba todos los días a la oficina | BA14: Igual que cuando iba todos los días a la oficina | BB14: No hay diferencias culturales en mi equipo | BC14: Mayor que cuando iba todos los días a la oficina | BD14: Mucho mayores que cuando iba todos los días a la oficina | BE14: Iguales que cuando iba todos los días a la oficina | BF14: No trabajo con personas con distintos horarios | BG14: Igual que cuando iba todos los días a la oficina | BH14: Mucho menores que cuando iba todos los días a la oficina | BI14: Mucho mayor que cuando iba todos los días a la oficina | BJ14: Igual que cuando iba todos los días a la oficina | BK14: Mucho más que cuando iba todos los días a la oficina | BL14: Iguales que cuando iba todos los días a la oficina | BM14: Igual que cuando iba todos los días a la oficina | BN14: Mayor que cuando iba todos los días a la oficina | BO14: Mucho Mayor que cuando iba todos los días a la oficina | BP14: Mucho mayor que cuando iba todos los días a la oficina | BQ14: Mucho Mayor que cuando iba todos los días a la oficina | BR14: Mucho Mayor que cuando iba todos los días a la oficina | BS14: Mucho Mayor que cuando iba todos los días a la oficina | BT14: Igual que cuando iba todos los días a la oficina | BU14: Mucho menor que cuando iba todos los días a la oficina | BV14: Igual que cuando iba todos los días a la oficina | BW14: Mucho menos que cuando iba todos los días a la oficina | BX14: Mucho menores que cuando iba todos los días a la oficina | BY14: Mayor que cuando iba todos los días a la oficina | BZ14: Mucho Mayor que cuando iba todos los días a la oficina | CA14: Igual que cuando iba todos los días a la oficina | CB14: Menor que cuando iba todos los días a la oficina | CC14: Mayor que cuando iba todos los días a la oficina | CD14: Mayor que cuando iba todos los días a la oficina | CE14: Mejor que cuando iba todos los días a la oficina | CF14: Mucho Mayor que cuando iba todos los días a la oficina | CG14: Mucho menor que cuando iba todos los días a la oficina | CH14: Igual que cuando iba todos los días a la oficina | CI14: Mucho Mayor que cuando iba todos los días a la oficina | CJ14: Mucho Mayor que cuando iba todos los días a la oficina | CK14: Mayores que cuando iba todos los días a la oficina | CL14: Mucho menor que cuando iba todos los días a la oficina | CM14: Mucho mayor que cuando iba todos los días a la oficina | CO14: 301+ empleados | CP14: =IFERROR(VLOOKUP(H14,'Lista Lideres'!$A$1:$B$350,2,0),0) -> 0
A15: 45572.966 | B15: Colombia | C15: <35 años | D15: Masculino | E15: Profesional | F15: 5-10 años | G15: Desarrollador full-stack | H15: Ingeniero de software senior | I15: >500 empleados. | J15: Fábrica de Software | K15: Multinacional | L15: Muy Frecuentemente | M15: Alto | N15: >5 días | O15: Ninguno | P15: Híbrida casa (más días en casa que en la oficina) | Q15: Impuesta por la empresa | R15: En desacuerdo | S15: Menor que cuando iba todos los días a la oficina | T15: Igual que cuando iba todos los días a la oficina | U15: Menor que cuando iba todos los días a la oficina | V15: Diferentes que cuando iba todos los días a la oficina, ahora necesito menos horas para hacer lo mismo | W15: Todas por videoconferencia | X15: Menor que cuando eran en la oficina | Y15: Igual que cuando iba todos los días a la oficina | Z15: Igual que cuando iba todos los días a la oficina | AA15: Igual que cuando iba todos los días a la oficina | AB15: Igual que cuando iba todos los días a la oficina | AC15: Igual que cuando iba todos los días a la oficina | AD15: Mejora mi desempeño en el trabajo | AE15: No afectan a mi productividad | AF15: Mayor que cuando iba todos los días a la oficina | AG15: Menor que cuando iba todos los días a la oficina | AH15: Menos que cuando iba todos los días a la oficina | AI15: Más que cuando iba todos los días a la oficina | AJ15: Menos que cuando iba todos los días a la oficina | AK15: Menos que cuando iba todos los días a la oficina | AL15: Igual que cuando iba todos los días a la oficina | AM15: Igual que cuando iba todos los días a la oficina | AN15: Mas que cuando iba todos los días a la oficina | AO15: Igual que cuando iba todos los días a la oficina | AP15: Igual que cuando iba todos los días a la oficina | AQ15: Mayores que cuando iba todos los días a la oficina | AR15: Mayor que cuando iba todos los días a la oficina | AS15: Mayor que cuando iba todos los días a la oficina | AT15: Mucho menor que cuando iba todos los días a la oficina | AU15: Mayor que cuando iba todos los días a la oficina | AV15: Menor que cuando iba todos los días a la oficina | AW15: Menor que cuando iba todos los días a la oficina | AX15: Menor que cuando iba todos los días a la oficina | AY15: Mayor que cuando iba todos los días a la oficina | AZ15: Menores que cuando iba todos los días a la oficina | BA15: Mayor que cuando iba todos los días a la oficina | BB15: Menores que cuando iba todos los días a la oficina | BC15: Mayor que cuando iba todos los días a la oficina | BD15: Iguales que cuando iba todos los días a la oficina | BE15: Menores que cuando iba todos los días a la oficina | BF15: Mucho menos que cuando iba todos los días a la oficina | BG15: Mayor que cuando iba todos los días a la oficina | BH15: Menores que cuando iba todos los días a la oficina | BI15: Menor que cuando iba todos los días a la oficina | BJ15: Mayor que cuando iba todos los días a la oficina | BK15: Menos que cuando iba todos los días a la oficina | BL15: Menores que cuando iba todos los días a la oficina | BM15: Igual que cuando iba todos los días a la oficina | BN15: Igual que cuando iba todos los días a la oficina | BO15: Igual que cuando iba todos los días a la oficina | BP15: Mucho mayor que cuando iba todos los días a la oficina | BQ15: Igual que cuando iba todos los días a la oficina | BR15: Mayor que cuando iba todos los días a la oficina | BS15: Mucho Mayor que cuando iba todos los días a la oficina | BT15: Menor que cuando iba todos los días a la oficina | BU15: Menor que cuando iba todos los días a la oficina | BV15: Mayor que cuando iba todos los días a la oficina | BW15: Mas que cuando iba todos los días a la oficina | BX15: Menores que cuando iba todos los días a la oficina | BY15: Mayor que cuando iba todos los días a la oficina | BZ15: Mucho Mayor que cuando iba todos los días a la oficina | CA15: Mayor que cuando iba todos los días a la oficina | CB15: Igual que cuando iba todos los días a la oficina | CC15: Menor que cuando iba todos los días a la oficina | CD15: Menor que cuando iba todos los días a la oficina | CE15: Peor que cuando iba todos los días a la oficina | CF15: Igual que cuando iba todos los días a la oficina | CG15: Menor que cuando iba todos los días a la oficina | CH15: Menor que cuando iba todos los días a la oficina | CI15: Mucho Mayor que cuando iba todos los días a la oficina | CJ15: Mucho menor que cuando iba todos los días a la oficina | CK15: Mucho menores que cuando iba todos los días a la oficina | CL15: Mucho menor que cuando iba todos los días a la oficina | CM15: Mayor que cuando iba todos los días a la oficina | CN15: fabio.a.lopez@outlook.com | CO15: 301+ empleados | CP15: =IFERROR(VLOOKUP(H15,'Lista Lideres'!$A$1:$B$350,2,0),0) -> 0
A16: 45572.988 | B16: Colombia | C16: <35 años | D16: Masculino | E16: maestria | F16: 11-20 años | G16: desarrollador senior 3 | H16: desarrollador senior 3 | I16: 151-300 empleados | J16: Fábrica de Software | K16: Multinacional | L16: Muy Frecuentemente | M16: Alto | N16: >5 días | O16: Ninguno | P16: Remota ( todos los días en casa) | Q16: Consensuada por las dos partes | R16: Totalmente en desacuerdo | S16: Menor que cuando iba todos los días a la oficina | T16: Menor que cuando iba todos los días a la oficina | U16: Menor que cuando iba todos los días a la oficina | V16: Muy diferentes que cuando iba todos los días a la oficina, ahora necesito muchas menos horas para hacer lo mismo | W16: Todas por videoconferencia | X16: Menor que cuando eran en la oficina | Y16: Mucho Mayor que cuando iba todos los días a la oficina | Z16: Mayor que cuando iba todos los días a la oficina | AA16: Mayor que cuando iba todos los días a la oficina | AB16: Mucho Mayor que cuando iba todos los días a la oficina | AC16: Mucho menor que cuando iba todos los días a la oficina | AD16: Negativamente a la hora de desempeñar mi trabajo | AE16: Mejoran mi productividad | AF16: Mayor que cuando iba todos los días a la oficina | AG16: Mayor que cuando iba todos los días a la oficina | AH16: Mucho más que cuando iba todos los días a la oficina | AI16: Menos que cuando iba todos los días a la oficina | AJ16: Menos que cuando iba todos los días a la oficina | AK16: Menos que cuando iba todos los días a la oficina | AL16: Más que cuando iba todos los días a la oficina | AM16: Mas que cuando iba todos los días a la oficina | AN16: Mas que cuando iba todos los días a la oficina | AO16: Mas que cuando iba todos los días a la oficina | AP16: Mas que cuando iba todos los días a la oficina | AQ16: Menores que cuando iba todos los días a la oficina | AR16: Igual que cuando iba todos los días a la oficina | AS16: Menor que cuando iba todos los días a la oficina | AT16: Mayor que cuando iba todos los días a la oficina | AU16: Mucho Mayor que cuando iba todos los días a la oficina | AV16: Igual que cuando iba todos los días a la oficina | AW16: Igual que cuando iba todos los días a la oficina | AX16: Igual que cuando iba todos los días a la oficina | AY16: Mucho mayor que cuando iba todos los días a la oficina | AZ16: Mayores que cuando iba todos los días a la oficina | BA16: Mayor que cuando iba todos los días a la oficina | BB16: Mucho menores que cuando iba todos los días a la oficina | BC16: Mucho mayor que cuando iba todos los días a la oficina | BD16: Menores que cuando iba todos los días a la oficina | BE16: Menores que cuando iba todos los días a la oficina | BF16: Más que cuando iba todos los días a la oficina | BG16: Menor que cuando iba todos los días a la oficina | BH16: Mucho menores que cuando iba todos los días a la oficina | BI16: Mucho mayor que cuando iba todos los días a la oficina | BJ16: Mayor que cuando iba todos los días a la oficina | BK16: Más que cuando iba todos los días a la oficina | BL16: Mayores que cuando iba todos los días a la oficina | BM16: Mejor que cuando iba todos los días a la oficina | BN16: Mayor que cuando iba todos los días a la oficina | BO16: Mucho Mayor que cuando iba todos los días a la oficina | BP16: Mayor que cuando iba todos los días a la oficina | BQ16: Igual que cuando iba todos los días a la oficina | BR16: Igual que cuando iba todos los días a la oficina | BS16: Mucho Mayor que cuando iba todos los días a la oficina | BT16: Mucho Mayor que cuando iba todos los días a la oficina | BU16: Mucho Mayor que cuando iba todos los días a la oficina | BV16: Mayor que cuando iba todos los días a la oficina | BW16: Mas que cuando iba todos los días a la oficina | BX16: Mayores que cuando iba todos los días a la oficina | BY16: Mucho Mayor que cuando iba todos los días a la oficina | BZ16: Mucho menor que cuando iba todos los días a la oficina | CA16: Mayor que cuando iba todos los días a la oficina | CB16: Menor que cuando iba todos los días a la oficina | CC16: Mayor que cuando iba todos los días a la oficina | CD16: Igual que cuando iba todos los días a la oficina | CE16: Peor que cuando iba todos los días a la oficina | CF16: Menor que cuando iba todos los días a la oficina | CG16: Mucho menor que cuando iba todos los días a la oficina | CH16: Menor que cuando iba todos los días a la oficina | CI16: Mucho Mayor que cuando iba todos los días a la oficina | CJ16: Mucho menor que cuando iba todos los días a la oficina | CK16: Menores que cuando iba todos los días a la oficina | CL16: Igual que cuando iba todos los días a la oficina | CM16: Mucho mayor que cuando iba todos los días a la oficina | CN16: sanalejo1974@gmail.com | CO16: <301 empleados | CP16: =IFERROR(VLOOKUP(H16,'Lista Lideres'!$A$1:$B$350,2,0),0) -> 0
A17: 45564.76 | B17: Colombia | C17: <35 años | D17: Masculino | E17: Profesional | F17: 11-20 años | G17: Desarrollador Senior y Líder Técnico | H17: Director de Tecnología y Desarrollo de Software | I17: <50 empleados | J17: Empresa que desarrolla software a medida partiendo desde cero | K17: Nacional (múltiples sedes en el mismo país) | L17: Nunca | M17: Alto | N17: >5 días | O17: Ninguno | P17: Remota ( todos los días en casa) | Q17: Consensuada por las dos partes | R17: En desacuerdo | S17: Mucho mayor que cuando iba todos los días a la oficina | T17: Mayor que cuando iba todos los días a la oficina | U17: Igual que cuando iba todos los días a la oficina | V17: Diferentes que cuando iba todos los días a la oficina, ahora necesito menos horas para hacer lo mismo | W17: Todas por videoconferencia | X17: Mucho menor que cuando eran en la oficina | Y17: Mayor que cuando iba todos los días a la oficina | Z17: Mucho Mayor que cuando iba todos los días a la oficina | AA17: Mucho Mayor que cuando iba todos los días a la oficina | AB17: Mayor que cuando iba todos los días a la oficina | AC17: Igual que cuando iba todos los días a la oficina | AD17: Mejora mi desempeño en el trabajo | AE17: No afectan a mi productividad | AF17: Mayor que cuando iba todos los días a la oficina | AG17: Mucho menor que cuando iba todos los días a la oficina | AH17: Mucho menos que cuando iba todos los días a la oficina | AI17: No trabajo con personas de distintas culturas | AJ17: No trabajo con personas con un horario distinto al mío | AK17: No trabajo con personas que se encuentran geográficamente distribuidas | AL17: Menos que cuando iba todos los días a la oficina | AM17: Menos que cuando iba todos los días a la oficina | AN17: No tengo la información para contestar a la pregunta | AO17: Menos que cuando iba todos los días a la oficina | AP17: Menos que cuando iba todos los días a la oficina | AQ17: Mayores que cuando iba todos los días a la oficina | AR17: Mayor que cuando iba todos los días a la oficina | AS17: Mucho Mayor que cuando iba todos los días a la oficina | AT17: Menor que cuando iba todos los días a la oficina | AU17: Mayor que cuando iba todos los días a la oficina | AV17: Menor que cuando iba todos los días a la oficina | AW17: Menor que cuando iba todos los días a la oficina | AX17: Menor que cuando iba todos los días a la oficina | AY17: Mucho mayor que cuando iba todos los días a la oficina | AZ17: Iguales que cuando iba todos los días a la oficina | BA17: Mayor que cuando iba todos los días a la oficina | BB17: No hay diferencias culturales en mi equipo | BC17: Mayor que cuando iba todos los días a la oficina | BD17: Menores que cuando iba todos los días a la oficina | BE17: No tengo que utilizar diferentes idiomas en mi trabajo | BF17: No trabajo con personas con distintos horarios | BG17: Mucho mayor que cuando iba todos los días a la oficina | BH17: Menores que cuando iba todos los días a la oficina | BI17: Mucho mayor que cuando iba todos los días a la oficina | BJ17: Menor que cuando iba todos los días a la oficina | BK17: Menos que cuando iba todos los días a la oficina | BL17: Menores que cuando iba todos los días a la oficina | BM17: Mejor que cuando iba todos los días a la oficina | BN17: Mucho Mayor que cuando iba todos los días a la oficina | BO17: Mayor que cuando iba todos los días a la oficina | BP17: Mayor que cuando iba todos los días a la oficina | BQ17: Igual que cuando iba todos los días a la oficina | BR17: Igual que cuando iba todos los días a la oficina | BS17: Mayor que cuando iba todos los días a la oficina | BT17: Mucho Mayor que cuando iba todos los días a la oficina | BU17: Mayor que cuando iba todos los días a la oficina | BV17: Menor que cuando iba todos los días a la oficina | BW17: Mas que cuando iba todos los días a la oficina | BX17: Iguales que cuando iba todos los días a la oficina | BY17: Mayor que cuando iba todos los días a la oficina | BZ17: Mucho Mayor que cuando iba todos los días a la oficina | CA17: Mayor que cuando iba todos los días a la oficina | CB17: Mucho menor que cuando iba todos los días a la oficina | CC17: Mayor que cuando iba todos los días a la oficina | CD17: Igual que cuando iba todos los días a la oficina | CE17: Mejor que cuando iba todos los días a la oficina | CF17: Mucho Mayor que cuando iba todos los días a la oficina | CG17: Mayor que cuando iba todos los días a la oficina | CH17: Mayor que cuando iba todos los días a la oficina | CI17: Mucho Mayor que cuando iba todos los días a la oficina | CJ17: Menor que cuando iba todos los días a la oficina | CK17: Menores que cuando iba todos los días a la oficina | CL17: Mucho Mayor que cuando iba todos los días a la oficina | CM17: Mayor que cuando iba todos los días a la oficina | CN17: miguel.vega.ruiz@gmail.com | CO17: <301 empleados | CP17: =IFERROR(VLOOKUP(H17,'Lista Lideres'!$A$1:$B$350,2,0),0) -> 1
A18: 45561.741 | B18: Colombia | C18: <35 años | D18: Femenino | E18: Profesional | F18: 5-10 años | G18: Desarrolladora y gerente de ingeniería | H18: Gerente de Ingeniería | I18: >500 empleados. | J18: Fábrica de Software | K18: Multinacional | L18: Muy Frecuentemente | M18: Alto | N18: >5 días | O18: Ninguno | P18: Remota ( todos los días en casa) | Q18: Consensuada por las dos partes | R18: De acuerdo | S18: Menor que cuando iba todos los días a la oficina | T18: Igual que cuando iba todos los días a la oficina | U18: Menor que cuando iba todos los días a la oficina | V18: Iguales que cuando iba todos los días a la oficina | W18: Todas por videoconferencia | X18: Igual que cuando eran en la oficina | Y18: Igual que cuando iba todos los días a la oficina | Z18: Igual que cuando iba todos los días a la oficina | AA18: Igual que cuando iba todos los días a la oficina | AB18: Menor que cuando iba todos los días a la oficina | AC18: Menor que cuando iba todos los días a la oficina | AD18: Negativamente a la hora de desempeñar mi trabajo | AE18: Mejoran mi productividad | AF18: Menor que cuando iba todos los días a la oficina | AG18: Igual que cuando iba todos los días a la oficina | AH18: No tengo la información para contestar a la pregunta | AI18: Igual que cuando iba todos los días a la oficina | AJ18: Menos que cuando iba todos los días a la oficina | AK18: Menos que cuando iba todos los días a la oficina | AL18: Más que cuando iba todos los días a la oficina | AM18: Igual que cuando iba todos los días a la oficina | AN18: Mas que cuando iba todos los días a la oficina | AO18: Mas que cuando iba todos los días a la oficina | AP18: Mas que cuando iba todos los días a la oficina | AQ18: Menores que cuando iba todos los días a la oficina | AR18: Menor que cuando iba todos los días a la oficina | AS18: Igual que cuando iba todos los días a la oficina | AT18: Mayor que cuando iba todos los días a la oficina | AU18: Mayor que cuando iba todos los días a la oficina | AV18: Mayor que cuando iba todos los días a la oficina | AW18: Mayor que cuando iba todos los días a la oficina | AX18: Igual que cuando iba todos los días a la oficina | AY18: Mayor que cuando iba todos los días a la oficina | AZ18: Iguales que cuando iba todos los días a la oficina | BA18: Igual que cuando iba todos los días a la oficina | BB18: Iguales que cuando iba todos los días a la oficina | BC18: Igual que cuando iba todos los días a la oficina | BD18: Mayores que cuando iba todos los días a la oficina | BE18: Iguales que cuando iba todos los días a la oficina | BF18: Igual que cuando iba todos los días a la oficina | BG18: Menor que cuando iba todos los días a la oficina | BH18: Mayores que cuando iba todos los días a la oficina | BI18: Menor que cuando iba todos los días a la oficina | BJ18: Mayor que cuando iba todos los días a la oficina | BK18: Más que cuando iba todos los días a la oficina | BL18: Iguales que cuando iba todos los días a la oficina | BM18: Igual que cuando iba todos los días a la oficina | BN18: Menor que cuando iba todos los días a la oficina | BO18: Menor que cuando iba todos los días a la oficina | BP18: Mayor que cuando iba todos los días a la oficina | BQ18: Igual que cuando iba todos los días a la oficina | BR18: Igual que cuando iba todos los días a la oficina | BS18: Igual que cuando iba todos los días a la oficina | BT18: Menor que cuando iba todos los días a la oficina | BU18: Menor que cuando iba todos los días a la oficina | BV18: Igual que cuando iba todos los días a la oficina | BW18: Menos que cuando iba todos los días a la oficina | BX18: Iguales que cuando iba todos los días a la oficina | BY18: Igual que cuando iba todos los días a la oficina | BZ18: Mayor que cuando iba todos los días a la oficina | CA18: Menor que cuando iba todos los días a la oficina | CB18: Mayor que cuando iba todos los días a la oficina | CC18: Menor que cuando iba todos los días a la oficina | CD18: Mayor que cuando iba todos los días a la oficina | CE18: Peor que cuando iba todos los días a la oficina | CF18: Menor que cuando iba todos los días a la oficina | CG18: Menor que cuando iba todos los días a la oficina | CH18: Igual que cuando iba todos los días a la oficina | CI18: Igual que cuando iba todos los días a la oficina | CJ18: Igual que cuando iba todos los días a la oficina | CK18: Mayores que cuando iba todos los días a la oficina | CL18: Mucho menor que cuando iba todos los días a la oficina | CM18: Menor que cuando iba todos los días a la oficina | CO18: 301+ empleados | CP18: =IFERROR(VLOOKUP(H18,'Lista Lideres'!$A$1:$B$350,2,0),0) -> 1
A19: 45564.733 | B19: Colombia | C19: <35 años | D19: Masculino | E19: Maestria - Terminando | F19: 5-10 años | G19: Developer | H19: Líder Técnico | I19: >500 empleados. | J19: Empresa que desarrolla software a medida partiendo desde cero | K19: Nacional (múltiples sedes en el mismo país) | L19: Nunca | M19: Alto | N19: >5 días | O19: Ninguno | P19: Híbrida casa (más días en casa que en la oficina) | Q19: Impuesta por la empresa | R19: En desacuerdo | S19: Menor que cuando iba todos los días a la oficina | T19: Menor que cuando iba todos los días a la oficina | U19: Menor que cuando iba todos los días a la oficina | V19: Diferentes que cuando iba todos los días a la oficina, ahora necesito menos horas para hacer lo mismo | W19: Casi todas por videoconferencia | X19: Mucho menor que cuando eran en la oficina | Y19: Mayor que cuando iba todos los días a la oficina | Z19: Menor que cuando iba todos los días a la oficina | AA19: Mayor que cuando iba todos los días a la oficina | AB19: Mucho Mayor que cuando iba todos los días a la oficina | AC19: Mucho Mejor que cuando iba todos los días a la oficina | AD19: Mejora mucho mi desempeño en el trabajo | AE19: Disminuyen mi productividad | AF19: Menor que cuando iba todos los días a la oficina | AG19: Mayor que cuando iba todos los días a la oficina | AH19: Mucho más que cuando iba todos los días a la oficina | AI19: No trabajo con personas de distintas culturas | AJ19: No trabajo con personas con un horario distinto al mío | AK19: No trabajo con personas que se encuentran geográficamente distribuidas | AL19: Mucho más que cuando iba todos los días a la oficina | AM19: Mas que cuando iba todos los días a la oficina | AN19: Mas que cuando iba todos los días a la oficina | AO19: Mas que cuando iba todos los días a la oficina | AP19: Mas que cuando iba todos los días a la oficina | AQ19: Menores que cuando iba todos los días a la oficina | AR19: Mayor que cuando iba todos los días a la oficina | AS19: Igual que cuando iba todos los días a la oficina | AT19: Mucho menor que cuando iba todos los días a la oficina | AU19: Mayor que cuando iba todos los días a la oficina | AV19: Menor que cuando iba todos los días a la oficina | AW19: Menor que cuando iba todos los días a la oficina | AX19: Menor que cuando iba todos los días a la oficina | AY19: Mayor que cuando iba todos los días a la oficina | AZ19: Mucho menores que cuando iba todos los días a la oficina | BA19: Mucho mayor que cuando iba todos los días a la oficina | BB19: No hay diferencias culturales en mi equipo | BC19: Mucho menor que cuando iba todos los días a la oficina | BD19: Mucho mayores que cuando iba todos los días a la oficina | BE19: No tengo que utilizar diferentes idiomas en mi trabajo | BF19: No trabajo con personas con distintos horarios | BG19: Menor que cuando iba todos los días a la oficina | BH19: Menores que cuando iba todos los días a la oficina | BI19: Mayor que cuando iba todos los días a la oficina | BJ19: Mucho mayor que cuando iba todos los días a la oficina | BK19: Más que cuando iba todos los días a la oficina | BL19: Mucho mayores que cuando iba todos los días a la oficina | BM19: Mejor que cuando iba todos los días a la oficina | BN19: Mayor que cuando iba todos los días a la oficina | BO19: Mucho Mayor que cuando iba todos los días a la oficina | BP19: Mucho mayor que cuando iba todos los días a la oficina | BQ19: Igual que cuando iba todos los días a la oficina | BR19: Mayor que cuando iba todos los días a la oficina | BS19: Mayor que cuando iba todos los días a la oficina | BT19: Mayor que cuando iba todos los días a la oficina | BU19: Mayor que cuando iba todos los días a la oficina | BV19: Menor que cuando iba todos los días a la oficina | BW19: Igual que cuando iba todos los días a la oficina | BX19: Mucho menores que cuando iba todos los días a la oficina | BY19: Menor que cuando iba todos los días a la oficina | BZ19: Mayor que cuando iba todos los días a la oficina | CA19: Mucho menor que cuando iba todos los días a la oficina | CB19: Mucho menor que cuando iba todos los días a la oficina | CC19: Menor que cuando iba todos los días a la oficina | CD19: Mucho menor que cuando iba todos los días a la oficina | CE19: Peor que cuando iba todos los días a la oficina | CF19: Mayor que cuando iba todos los días a la oficina | CG19: Mucho menor que cuando iba todos los días a la oficina | CH19: Menor que cuando iba todos los días a la oficina | CI19: Menor que cuando iba todos los días a la oficina | CJ19: Mucho menor que cuando iba todos los días a la oficina | CK19: Mayores que cuando iba todos los días a la oficina | CL19: Mayor que cuando iba todos los días a la oficina | CM19: Mucho mayor que cuando iba todos los días a la oficina | CN19: na.rodriguez2@uniandes.edu.co | CO19: 301+ empleados | CP19: =IFERROR(VLOOKUP(H19,'Lista Lideres'!$A$1:$B$350,2,0),0) -> 1
A20: 45573.145 | B20: Colombia | C20: <35 años | D20: Femenino | E20: Maestria | F20: 5-10 años | G20: Fullstack developer | H20: Web UI Software Designer | I20: >500 empleados. | J20: Empresa que subcontrata (outsourcing) los servicios de otra empresa situada en otro país | K20: Multinacional | L20: Muy Frecuentemente | M20: Alto | N20: >5 días | O20: Ninguno | P20: Remota ( todos los días en casa) | Q20: Consensuada por las dos partes | R20: De acuerdo | S20: Mayor que cuando iba todos los días a la oficina | T20: Mayor que cuando iba todos los días a la oficina | U20: Mayor que cuando iba todos los días a la oficina | V20: Muy diferentes que cuando iba todos los días a la oficina, ahora necesito muchas menos horas para hacer lo mismo | W20: Todas por videoconferencia | X20: Mayor que cuando eran en la oficina | Y20: Mayor que cuando iba todos los días a la oficina | Z20: Mayor que cuando iba todos los días a la oficina | AA20: Igual que cuando iba todos los días a la oficina | AB20: Mayor que cuando iba todos los días a la oficina | AC20: Mayor que cuando iba todos los días a la oficina | AD20: Mejora mi desempeño en el trabajo | AE20: Mejoran mucho mi productividad | AF20: Mayor que cuando iba todos los días a la oficina | AG20: Igual que cuando iba todos los días a la oficina | AH20: Igual que cuando iba todos los días a la oficina | AI20: Igual que cuando iba todos los días a la oficina | AJ20: Menos que cuando iba todos los días a la oficina | AK20: Igual que cuando iba todos los días a la oficina | AL20: Igual que cuando iba todos los días a la oficina | AM20: Igual que cuando iba todos los días a la oficina | AN20: Mas que cuando iba todos los días a la oficina | AO20: Mas que cuando iba todos los días a la oficina | AP20: Igual que cuando iba todos los días a la oficina | AQ20: Iguales que cuando iba todos los días a la oficina | AR20: Igual que cuando iba todos los días a la oficina | AS20: Igual que cuando iba todos los días a la oficina | AT20: Mayor que cuando iba todos los días a la oficina | AU20: Mayor que cuando iba todos los días a la oficina | AV20: Igual que cuando iba todos los días a la oficina | AW20: Igual que cuando iba todos los días a la oficina | AX20: Igual que cuando iba todos los días a la oficina | AY20: Mayor que cuando iba todos los días a la oficina | AZ20: Iguales que cuando iba todos los días a la oficina | BA20: Igual que cuando iba todos los días a la oficina | BB20: Iguales que cuando iba todos los días a la oficina | BC20: Igual que cuando iba todos los días a la oficina | BD20: Iguales que cuando iba todos los días a la oficina | BE20: Iguales que cuando iba todos los días a la oficina | BF20: Igual que cuando iba todos los días a la oficina | BG20: Igual que cuando iba todos los días a la oficina | BH20: Menores que cuando iba todos los días a la oficina | BI20: Mayor que cuando iba todos los días a la oficina | BJ20: Mayor que cuando iba todos los días a la oficina | BK20: Igual que cuando iba todos los días a la oficina | BL20: Iguales que cuando iba todos los días a la oficina | BM20: Igual que cuando iba todos los días a la oficina | BN20: Mayor que cuando iba todos los días a la oficina | BO20: Mayor que cuando iba todos los días a la oficina | BP20: Mayor que cuando iba todos los días a la oficina | BQ20: Mayor que cuando iba todos los días a la oficina | BR20: Mayor que cuando iba todos los días a la oficina | BS20: Mayor que cuando iba todos los días a la oficina | BT20: Igual que cuando iba todos los días a la oficina | BU20: Igual que cuando iba todos los días a la oficina | BV20: Igual que cuando iba todos los días a la oficina | BW20: Igual que cuando iba todos los días a la oficina | BX20: Mayores que cuando iba todos los días a la oficina | BY20: Igual que cuando iba todos los días a la oficina | BZ20: Mayor que cuando iba todos los días a la oficina | CA20: Mayor que cuando iba todos los días a la oficina | CB20: Igual que cuando iba todos los días a la oficina | CC20: Menor que cuando iba todos los días a la oficina | CD20: Igual que cuando iba todos los días a la oficina | CE20: Igual que cuando iba todos los días a la oficina | CF20: Igual que cuando iba todos los días a la oficina | CG20: Menor que cuando iba todos los días a la oficina | CH20: Menor que cuando iba todos los días a la oficina | CI20: Igual que cuando iba todos los días a la oficina | CJ20: Igual que cuando iba todos los días a la oficina | CK20: Iguales que cuando iba todos los días a la oficina | CL20: Menor que cuando iba todos los días a la oficina | CM20: Mayor que cuando iba todos los días a la oficina | CO20: 301+ empleados | CP20: =IFERROR(VLOOKUP(H20,'Lista Lideres'!$A$1:$B$350,2,0),0) -> 0
A21: 45574.107 | B21: Colombia | C21: <35 años | D21: Masculino | E21: Maestría | F21: 11-20 años | G21: Gerente general | H21: Gerente general | I21: <50 empleados | J21: Fábrica de Software | K21: Local | L21: Casi Nunca | M21: Alto | N21: >5 días | O21: Ninguno | P21: Remota ( todos los días en casa) | Q21: Consensuada por las dos partes | R21: En desacuerdo | S21: Igual que cuando iba todos los días a la oficina | T21: Menor que cuando iba todos los días a la oficina | U21: Igual que cuando iba todos los días a la oficina | V21: Diferentes que cuando iba todos los días a la oficina, ahora necesito menos horas para hacer lo mismo | W21: Casi todas por videoconferencia | X21: Menor que cuando eran en la oficina | Y21: Menor cuando iba todos los días a la oficina | Z21: Menor que cuando iba todos los días a la oficina | AA21: Menor que cuando iba todos los días a la oficina | AB21: Igual que cuando iba todos los días a la oficina | AC21: Mayor que cuando iba todos los días a la oficina | AD21: Mejora mi desempeño en el trabajo | AE21: Mejoran mi productividad | AF21: Igual que cuando iba todos los días a la oficina | AG21: Mayor que cuando iba todos los días a la oficina | AH21: Más que cuando iba todos los días a la oficina | AI21: No trabajo con personas de distintas culturas | AJ21: No trabajo con personas con un horario distinto al mío | AK21: Igual que cuando iba todos los días a la oficina | AL21: Más que cuando iba todos los días a la oficina | AM21: Igual que cuando iba todos los días a la oficina | AN21: Igual que cuando iba todos los días a la oficina | AO21: Igual que cuando iba todos los días a la oficina | AP21: Igual que cuando iba todos los días a la oficina | AQ21: Mayores que cuando iba todos los días a la oficina | AR21: Igual que cuando iba todos los días a la oficina | AS21: Igual que cuando iba todos los días a la oficina | AT21: Menor que cuando iba todos los días a la oficina | AU21: Igual que cuando iba todos los días a la oficina | AV21: Menor que cuando iba todos los días a la oficina | AW21: Igual que cuando iba todos los días a la oficina | AX21: Menor que cuando iba todos los días a la oficina | AY21: Mucho mayor que cuando iba todos los días a la oficina | AZ21: Menores que cuando iba todos los días a la oficina | BA21: Mucho mayor que cuando iba todos los días a la oficina | BB21: No hay diferencias culturales en mi equipo | BC21: Mayor que cuando iba todos los días a la oficina | BD21: Mayores que cuando iba todos los días a la oficina | BE21: No tengo que utilizar diferentes idiomas en mi trabajo | BF21: No trabajo con personas con distintos horarios | BG21: Menor que cuando iba todos los días a la oficina | BH21: Mucho menores que cuando iba todos los días a la oficina | BI21: Mayor que cuando iba todos los días a la oficina | BJ21: Igual que cuando iba todos los días a la oficina | BK21: Igual que cuando iba todos los días a la oficina | BL21: Iguales que cuando iba todos los días a la oficina | BM21: Mejor que cuando iba todos los días a la oficina | BN21: Mayor que cuando iba todos los días a la oficina | BO21: Menor que cuando iba todos los días a la oficina | BP21: Mayor que cuando iba todos los días a la oficina | BQ21: Igual que cuando iba todos los días a la oficina | BR21: Igual que cuando iba todos los días a la oficina | BS21: Igual que cuando iba todos los días a la oficina | BT21: Mayor que cuando iba todos los días a la oficina | BU21: Igual que cuando iba todos los días a la oficina | BV21: Igual que cuando iba todos los días a la oficina | BW21: Igual que cuando iba todos los días a la oficina | BX21: Menores que cuando iba todos los días a la oficina | BY21: Igual que cuando iba todos los días a la oficina | BZ21: Menor que cuando iba todos los días a la oficina | CA21: Mayor que cuando iba todos los días a la oficina | CB21: Menor que cuando iba todos los días a la oficina | CC21: Menor que cuando iba todos los días a la oficina | CD21: Igual que cuando iba todos los días a la oficina | CE21: Igual que cuando iba todos los días a la oficina | CF21: Igual que cuando iba todos los días a la oficina | CG21: Mucho menor que cuando iba todos los días a la oficina | CH21: Igual que cuando iba todos los días a la oficina | CI21: Mayor que cuando iba todos los días a la oficina | CJ21: Menor que cuando iba todos los días a la oficina | CK21: Iguales que cuando iba todos los días a la oficina | CL21: Igual que cuando iba todos los días a la oficina | CM21: Igual que cuando iba todos los días a la oficina | CN21: gcarrillo@sinerware.com | CO21: <301 empleados | CP21: =IFERROR(VLOOKUP(H21,'Lista Lideres'!$A$1:$B$350,2,0),0) -> 1
A22: 45574.026 | B22: Colombia | C22: <35 años | D22: Masculino | E22: Maestria | F22: 11-20 años | G22: Programador Junior | H22: Programador Senior | I22: 301-500 empleados | J22: Empresa que desarrolla software a medida partiendo desde cero | K22: Multinacional | L22: Muy Frecuentemente | M22: Alto | N22: >5 días | O22: Ninguno | P22: Remota ( todos los días en casa) | Q22: Decidida por ti | R22: Totalmente de acuerdo | S22: Mucho mayor que cuando iba todos los días a la oficina | T22: Mucho Mayor que cuando iba todos los días a la oficina | U22: Mucho Mayor que cuando iba todos los días a la oficina | V22: Iguales que cuando iba todos los días a la oficina | W22: Todas por videoconferencia | X22: Mayor que cuando eran en la oficina | Y22: Mucho Mayor que cuando iba todos los días a la oficina | Z22: No tengo la información para contestar a la pregunta | AA22: No tengo la información para contestar a la pregunta | AB22: Mucho Mayor que cuando iba todos los días a la oficina | AC22: Igual que cuando iba todos los días a la oficina | AD22: No me influye | AE22: No afectan a mi productividad | AF22: Mucho mayor que cuando iba todos los días a la oficina | AG22: No tengo la información para contestar a la pregunta | AH22: No tengo la información para contestar a la pregunta | AI22: Mucho menos que cuando iba todos los días a la oficina | AJ22: Igual que cuando iba todos los días a la oficina | AK22: Igual que cuando iba todos los días a la oficina | AL22: Igual que cuando iba todos los días a la oficina | AM22: Igual que cuando iba todos los días a la oficina | AN22: Igual que cuando iba todos los días a la oficina | AO22: Igual que cuando iba todos los días a la oficina | AP22: Igual que cuando iba todos los días a la oficina | AQ22: Iguales que cuando iba todos los días a la oficina | AR22: Igual que cuando iba todos los días a la oficina | AS22: Igual que cuando iba todos los días a la oficina | AT22: Mucho menor que cuando iba todos los días a la oficina | AU22: Mucho Mayor que cuando iba todos los días a la oficina | AV22: Mucho menor que cuando iba todos los días a la oficina | AW22: Mucho menor que cuando iba todos los días a la oficina | AX22: Mucho menor que cuando iba todos los días a la oficina | AY22: Mucho mayor que cuando iba todos los días a la oficina | AZ22: Iguales que cuando iba todos los días a la oficina | BA22: Igual que cuando iba todos los días a la oficina | BB22: Iguales que cuando iba todos los días a la oficina | BC22: Igual que cuando iba todos los días a la oficina | BD22: Iguales que cuando iba todos los días a la oficina | BE22: Iguales que cuando iba todos los días a la oficina | BF22: Igual que cuando iba todos los días a la oficina | BG22: Igual que cuando iba todos los días a la oficina | BH22: Iguales que cuando iba todos los días a la oficina | BI22: Igual que cuando iba todos los días a la oficina | BJ22: Igual que cuando iba todos los días a la oficina | BK22: Igual que cuando iba todos los días a la oficina | BL22: Iguales que cuando iba todos los días a la oficina | BM22: Igual que cuando iba todos los días a la oficina | BN22: Mucho Mayor que cuando iba todos los días a la oficina | BO22: Igual que cuando iba todos los días a la oficina | BP22: Mucho mayor que cuando iba todos los días a la oficina | BQ22: Igual que cuando iba todos los días a la oficina | BR22: Igual que cuando iba todos los días a la oficina | BS22: Mayor que cuando iba todos los días a la oficina | BT22: Igual que cuando iba todos los días a la oficina | BU22: Igual que cuando iba todos los días a la oficina | BV22: Igual que cuando iba todos los días a la oficina | BW22: Igual que cuando iba todos los días a la oficina | BX22: Iguales que cuando iba todos los días a la oficina | BY22: Igual que cuando iba todos los días a la oficina | BZ22: Igual que cuando iba todos los días a la oficina | CA22: Igual que cuando iba todos los días a la oficina | CB22: Igual que cuando iba todos los días a la oficina | CC22: Igual que cuando iba todos los días a la oficina | CD22: Igual que cuando iba todos los días a la oficina | CE22: Igual que cuando iba todos los días a la oficina | CF22: Igual que cuando iba todos los días a la oficina | CG22: Igual que cuando iba todos los días a la oficina | CH22: Igual que cuando iba todos los días a la oficina | CI22: Igual que cuando iba todos los días a la oficina | CJ22: Igual que cuando iba todos los días a la oficina | CK22: Iguales que cuando iba todos los días a la oficina | CL22: Igual que cuando iba todos los días a la oficina | CM22: Igual que cuando iba todos los días a la oficina | CO22: 301+ empleados | CP22: =IFERROR(VLOOKUP(H22,'Lista Lideres'!$A$1:$B$350,2,0),0) -> 0
A23: 45574.077 | B23: Colombia | C23: <35 años | D23: Femenino | E23: Maestria | F23: 11-20 años | G23: QA Tester | H23: NInguno | I23: <50 empleados | J23: Empresa que subcontrata (outsourcing) los servicios de otra empresa situada en otro país | K23: Local | L23: Muy Frecuentemente | M23: Alto | N23: >5 días | O23: Ninguno | P23: Remota ( todos los días en casa) | Q23: Decidida por ti | R23: Totalmente en desacuerdo | S23: Igual que cuando iba todos los días a la oficina | T23: Igual que cuando iba todos los días a la oficina | U23: Igual que cuando iba todos los días a la oficina | V23: Diferentes que cuando iba todos los días a la oficina, ahora necesito menos horas para hacer lo mismo | W23: Todas por videoconferencia | X23: Mucho menor que cuando eran en la oficina | Y23: Mayor que cuando iba todos los días a la oficina | Z23: Mayor que cuando iba todos los días a la oficina | AA23: Igual que cuando iba todos los días a la oficina | AB23: Mayor que cuando iba todos los días a la oficina | AC23: Mayor que cuando iba todos los días a la oficina | AD23: No me influye | AE23: No afectan a mi productividad | AF23: Mayor que cuando iba todos los días a la oficina | AG23: No tengo la información para contestar a la pregunta | AH23: Igual que cuando iba todos los días a la oficina | AI23: Igual que cuando iba todos los días a la oficina | AJ23: Igual que cuando iba todos los días a la oficina | AK23: Igual que cuando iba todos los días a la oficina | AL23: Igual que cuando iba todos los días a la oficina | AM23: Igual que cuando iba todos los días a la oficina | AN23: Mucho más que cuando iba todos los días a la oficina | AO23: Igual que cuando iba todos los días a la oficina | AP23: Igual que cuando iba todos los días a la oficina | AQ23: Iguales que cuando iba todos los días a la oficina | AR23: Igual que cuando iba todos los días a la oficina | AS23: Igual que cuando iba todos los días a la oficina | AT23: Igual que cuando iba todos los días a la oficina | AU23: Igual que cuando iba todos los días a la oficina | AV23: Igual que cuando iba todos los días a la oficina | AW23: Igual que cuando iba todos los días a la oficina | AX23: Igual que cuando iba todos los días a la oficina | AY23: Mucho mayor que cuando iba todos los días a la oficina | AZ23: Iguales que cuando iba todos los días a la oficina | BA23: Igual que cuando iba todos los días a la oficina | BB23: Mayores que cuando iba todos los días a la oficina | BC23: Igual que cuando iba todos los días a la oficina | BD23: Iguales que cuando iba todos los días a la oficina | BE23: Iguales que cuando iba todos los días a la oficina | BF23: Igual que cuando iba todos los días a la oficina | BG23: Igual que cuando iba todos los días a la oficina | BH23: Iguales que cuando iba todos los días a la oficina | BI23: Mucho mayor que cuando iba todos los días a la oficina | BJ23: Igual que cuando iba todos los días a la oficina | BK23: Igual que cuando iba todos los días a la oficina | BL23: Iguales que cuando iba todos los días a la oficina | BM23: Igual que cuando iba todos los días a la oficina | BN23: Mayor que cuando iba todos los días a la oficina | BO23: Mayor que cuando iba todos los días a la oficina | BP23: Mayor que cuando iba todos los días a la oficina | BQ23: Igual que cuando iba todos los días a la oficina | BR23: Igual que cuando iba todos los días a la oficina | BS23: Igual que cuando iba todos los días a la oficina | BT23: Mayor que cuando iba todos los días a la oficina | BU23: Igual que cuando iba todos los días a la oficina | BV23: Igual que cuando iba todos los días a la oficina | BW23: Igual que cuando iba todos los días a la oficina | BX23: Iguales que cuando iba todos los días a la oficina | BY23: Igual que cuando iba todos los días a la oficina | BZ23: Mucho Mayor que cuando iba todos los días a la oficina | CA23: Igual que cuando iba todos los días a la oficina | CB23: Igual que cuando iba todos los días a la oficina | CC23: Igual que cuando iba todos los días a la oficina | CD23: Igual que cuando iba todos los días a la oficina | CE23: Igual que cuando iba todos los días a la oficina | CF23: Igual que cuando iba todos los días a la oficina | CG23: Igual que cuando iba todos los días a la oficina | CH23: Igual que cuando iba todos los días a la oficina | CI23: Mucho Mayor que cuando iba todos los días a la oficina | CJ23: Menor que cuando iba todos los días a la oficina | CK23: Iguales que cuando iba todos los días a la oficina | CL23: Igual que cuando iba todos los días a la oficina | CM23: Igual que cuando iba todos los días a la oficina | CN23: rdpcm82@gmail.com | CO23: <301 empleados | CP23: =IFERROR(VLOOKUP(H23,'Lista Lideres'!$A$1:$B$350,2,0),0) -> 0
A24: 45562.923 | B24: Colombia | C24: <35 años | D24: Masculino | E24: PhD | F24: 5-10 años | G24: Senior Software Engineer | H24: Developer Support Engineer | I24: <50 empleados | J24: Fábrica de Software | K24: Multinacional | L24: Muy Frecuentemente | M24: Alto | N24: >5 días | O24: Ninguno | P24: Remota ( todos los días en casa) | Q24: Consensuada por las dos partes | R24: De acuerdo | S24: Igual que cuando iba todos los días a la oficina | T24: Menor que cuando iba todos los días a la oficina | U24: Mucho menor que cuando iba todos los días a la oficina | V24: Diferentes que cuando iba todos los días a la oficina, ahora necesito menos horas para hacer lo mismo | W24: Todas por videoconferencia | X24: Menor que cuando eran en la oficina | Y24: Igual que cuando iba todos los días a la oficina | Z24: Igual que cuando iba todos los días a la oficina | AA24: Igual que cuando iba todos los días a la oficina | AB24: Mucho Mayor que cuando iba todos los días a la oficina | AC24: Igual que cuando iba todos los días a la oficina | AD24: Mejora mi desempeño en el trabajo | AE24: Mejoran mi productividad | AF24: Mayor que cuando iba todos los días a la oficina | AG24: Menor que cuando iba todos los días a la oficina | AH24: Más que cuando iba todos los días a la oficina | AI24: Igual que cuando iba todos los días a la oficina | AJ24: Más que cuando iba todos los días a la oficina | AK24: Más que cuando iba todos los días a la oficina | AL24: Más que cuando iba todos los días a la oficina | AM24: Igual que cuando iba todos los días a la oficina | AN24: Igual que cuando iba todos los días a la oficina | AO24: Igual que cuando iba todos los días a la oficina | AP24: Mas que cuando iba todos los días a la oficina | AQ24: Iguales que cuando iba todos los días a la oficina | AR24: Mayor que cuando iba todos los días a la oficina | AS24: Mayor que cuando iba todos los días a la oficina | AT24: Menor que cuando iba todos los días a la oficina | AU24: Mayor que cuando iba todos los días a la oficina | AV24: Mayor que cuando iba todos los días a la oficina | AW24: Mayor que cuando iba todos los días a la oficina | AX24: Igual que cuando iba todos los días a la oficina | AY24: Mucho mayor que cuando iba todos los días a la oficina | AZ24: Iguales que cuando iba todos los días a la oficina | BA24: Igual que cuando iba todos los días a la oficina | BB24: Iguales que cuando iba todos los días a la oficina | BC24: Igual que cuando iba todos los días a la oficina | BD24: Mayores que cuando iba todos los días a la oficina | BE24: Iguales que cuando iba todos los días a la oficina | BF24: Igual que cuando iba todos los días a la oficina | BG24: Menor que cuando iba todos los días a la oficina | BH24: Mucho menores que cuando iba todos los días a la oficina | BI24: Mucho mayor que cuando iba todos los días a la oficina | BJ24: Igual que cuando iba todos los días a la oficina | BK24: Igual que cuando iba todos los días a la oficina | BL24: Iguales que cuando iba todos los días a la oficina | BM24: Igual que cuando iba todos los días a la oficina | BN24: Mucho Mayor que cuando iba todos los días a la oficina | BO24: Mucho Mayor que cuando iba todos los días a la oficina | BP24: Mucho mayor que cuando iba todos los días a la oficina | BQ24: Igual que cuando iba todos los días a la oficina | BR24: Igual que cuando iba todos los días a la oficina | BS24: Mucho Mayor que cuando iba todos los días a la oficina | BT24: Mucho Mayor que cuando iba todos los días a la oficina | BU24: Mucho Mayor que cuando iba todos los días a la oficina | BV24: Mayor que cuando iba todos los días a la oficina | BW24: Igual que cuando iba todos los días a la oficina | BX24: Mayores que cuando iba todos los días a la oficina | BY24: Igual que cuando iba todos los días a la oficina | BZ24: Mucho Mayor que cuando iba todos los días a la oficina | CA24: Igual que cuando iba todos los días a la oficina | CB24: Igual que cuando iba todos los días a la oficina | CC24: Igual que cuando iba todos los días a la oficina | CD24: Igual que cuando iba todos los días a la oficina | CE24: Mejor que cuando iba todos los días a la oficina | CF24: Menor que cuando iba todos los días a la oficina | CG24: Menor que cuando iba todos los días a la oficina | CH24: Igual que cuando iba todos los días a la oficina | CI24: Mayor que cuando iba todos los días a la oficina | CJ24: Mayor que cuando iba todos los días a la oficina | CK24: Mayores que cuando iba todos los días a la oficina | CL24: Mayor que cuando iba todos los días a la oficina | CM24: Mucho mayor que cuando iba todos los días a la oficina | CO24: <301 empleados | CP24: =IFERROR(VLOOKUP(H24,'Lista Lideres'!$A$1:$B$350,2,0),0) -> 0
A25: 45573.03 | B25: Colombia | C25: <35 años | D25: Masculino | E25: Posgrado | F25: 21-30 años | G25: Technical Manager | H25: Technical Manager | I25: >500 empleados. | J25: Empresa que desarrolla software a medida partiendo desde cero | K25: Multinacional | L25: Muy Frecuentemente | M25: Alto | N25: >5 días | O25: Ninguno | P25: Remota ( todos los días en casa) | Q25: Consensuada por las dos partes | R25: Totalmente en desacuerdo | S25: Mucho menor que cuando iba todos los días a la oficina | T25: Menor que cuando iba todos los días a la oficina | U25: Menor que cuando iba todos los días a la oficina | V25: Diferentes que cuando iba todos los días a la oficina, ahora necesito menos horas para hacer lo mismo | W25: Todas por videoconferencia | X25: Mayor que cuando eran en la oficina | Y25: Menor cuando iba todos los días a la oficina | Z25: Mayor que cuando iba todos los días a la oficina | AA25: Mayor que cuando iba todos los días a la oficina | AB25: Menor que cuando iba todos los días a la oficina | AC25: Mucho Mejor que cuando iba todos los días a la oficina | AD25: Mejora mi desempeño en el trabajo | AE25: No afectan a mi productividad | AF25: Igual que cuando iba todos los días a la oficina | AG25: Mayor que cuando iba todos los días a la oficina | AH25: Mucho más que cuando iba todos los días a la oficina | AI25: Igual que cuando iba todos los días a la oficina | AJ25: Igual que cuando iba todos los días a la oficina | AK25: Igual que cuando iba todos los días a la oficina | AL25: Más que cuando iba todos los días a la oficina | AM25: Mas que cuando iba todos los días a la oficina | AN25: Mucho más que cuando iba todos los días a la oficina | AO25: Mas que cuando iba todos los días a la oficina | AP25: Igual que cuando iba todos los días a la oficina | AQ25: Iguales que cuando iba todos los días a la oficina | AR25: Mayor que cuando iba todos los días a la oficina | AS25: Menor que cuando iba todos los días a la oficina | AT25: Mayor que cuando iba todos los días a la oficina | AU25: Mayor que cuando iba todos los días a la oficina | AV25: Menor que cuando iba todos los días a la oficina | AW25: Igual que cuando iba todos los días a la oficina | AX25: Igual que cuando iba todos los días a la oficina | AY25: Mucho mayor que cuando iba todos los días a la oficina | AZ25: Menores que cuando iba todos los días a la oficina | BA25: Igual que cuando iba todos los días a la oficina | BB25: Iguales que cuando iba todos los días a la oficina | BC25: Mayor que cuando iba todos los días a la oficina | BD25: Iguales que cuando iba todos los días a la oficina | BE25: Iguales que cuando iba todos los días a la oficina | BF25: Igual que cuando iba todos los días a la oficina | BG25: Igual que cuando iba todos los días a la oficina | BH25: Mayores que cuando iba todos los días a la oficina | BI25: Mucho mayor que cuando iba todos los días a la oficina | BJ25: Mayor que cuando iba todos los días a la oficina | BK25: Más que cuando iba todos los días a la oficina | BL25: Iguales que cuando iba todos los días a la oficina | BM25: Mejor que cuando iba todos los días a la oficina | BN25: Menor que cuando iba todos los días a la oficina | BO25: Mucho menor que cuando iba todos los días a la oficina | BP25: Mayor que cuando iba todos los días a la oficina | BQ25: Igual que cuando iba todos los días a la oficina | BR25: Igual que cuando iba todos los días a la oficina | BS25: Mayor que cuando iba todos los días a la oficina | BT25: Igual que cuando iba todos los días a la oficina | BU25: Igual que cuando iba todos los días a la oficina | BV25: Mayor que cuando iba todos los días a la oficina | BW25: Igual que cuando iba todos los días a la oficina | BX25: Iguales que cuando iba todos los días a la oficina | BY25: Mayor que cuando iba todos los días a la oficina | BZ25: Mayor que cuando iba todos los días a la oficina | CA25: Mucho menor que cuando iba todos los días a la oficina | CB25: Mayor que cuando iba todos los días a la oficina | CC25: Igual que cuando iba todos los días a la oficina | CD25: Menor que cuando iba todos los días a la oficina | CE25: Igual que cuando iba todos los días a la oficina | CF25: Mayor que cuando iba todos los días a la oficina | CG25: Mucho menor que cuando iba todos los días a la oficina | CH25: Menor que cuando iba todos los días a la oficina | CI25: Mayor que cuando iba todos los días a la oficina | CJ25: Mucho menor que cuando iba todos los días a la oficina | CK25: Menores que cuando iba todos los días a la oficina | CL25: Igual que cuando iba todos los días a la oficina | CM25: Mayor que cuando iba todos los días a la oficina | CN25: dxcorzo@gmail.com | CO25: 301+ empleados | CP25: =IFERROR(VLOOKUP(H25,'Lista Lideres'!$A$1:$B$350,2,0),0) -> 1
A26: 45573.488 | B26: Colombia | C26: <35 años | D26: Masculino | E26: Universitario | F26: 5-10 años | G26: Web Team Lead | H26: CTO | I26: <50 empleados | J26: Empresa que desarrolla software a medida partiendo desde cero | K26: Multinacional | L26: Muy Frecuentemente | M26: Alto | N26: >5 días | O26: Ninguno | P26: Remota ( todos los días en casa) | Q26: Consensuada por las dos partes | R26: En desacuerdo | S26: Mayor que cuando iba todos los días a la oficina | T26: Mayor que cuando iba todos los días a la oficina | U26: Menor que cuando iba todos los días a la oficina | V26: Diferentes que cuando iba todos los días a la oficina, ahora necesito menos horas para hacer lo mismo | W26: Todas por videoconferencia | X26: Menor que cuando eran en la oficina | Y26: Mucho Mayor que cuando iba todos los días a la oficina | Z26: Mucho Mayor que cuando iba todos los días a la oficina | AA26: Mucho Mayor que cuando iba todos los días a la oficina | AB26: Mayor que cuando iba todos los días a la oficina | AC26: Igual que cuando iba todos los días a la oficina | AD26: Mejora mi desempeño en el trabajo | AE26: Mejoran mucho mi productividad | AF26: Mayor que cuando iba todos los días a la oficina | AG26: Menor que cuando iba todos los días a la oficina | AH26: Igual que cuando iba todos los días a la oficina | AI26: Mucho más que cuando iba todos los días a la oficina | AJ26: Menos que cuando iba todos los días a la oficina | AK26: Mucho menos que cuando iba todos los días a la oficina | AL26: Mucho menos que cuando iba todos los días a la oficina | AM26: Menos que cuando iba todos los días a la oficina | AN26: Menos que cuando iba todos los días a la oficina | AO26: Mas que cuando iba todos los días a la oficina | AP26: Igual que cuando iba todos los días a la oficina | AQ26: Mayores que cuando iba todos los días a la oficina | AR26: Mayor que cuando iba todos los días a la oficina | AS26: Mucho Mayor que cuando iba todos los días a la oficina | AT26: Menor que cuando iba todos los días a la oficina | AU26: Mayor que cuando iba todos los días a la oficina | AV26: Menor que cuando iba todos los días a la oficina | AW26: Mayor que cuando iba todos los días a la oficina | AX26: Igual que cuando iba todos los días a la oficina | AY26: Mucho mayor que cuando iba todos los días a la oficina | AZ26: Menores que cuando iba todos los días a la oficina | BA26: Mucho mayor que cuando iba todos los días a la oficina | BB26: Iguales que cuando iba todos los días a la oficina | BC26: Mayor que cuando iba todos los días a la oficina | BD26: Mucho mayores que cuando iba todos los días a la oficina | BE26: No tengo que utilizar diferentes idiomas en mi trabajo | BF26: Igual que cuando iba todos los días a la oficina | BG26: Menor que cuando iba todos los días a la oficina | BH26: Menores que cuando iba todos los días a la oficina | BI26: Mayor que cuando iba todos los días a la oficina | BJ26: Igual que cuando iba todos los días a la oficina | BK26: Mucho más que cuando iba todos los días a la oficina | BL26: Iguales que cuando iba todos los días a la oficina | BM26: Igual que cuando iba todos los días a la oficina | BN26: Igual que cuando iba todos los días a la oficina | BO26: Mayor que cuando iba todos los días a la oficina | BP26: Mucho mayor que cuando iba todos los días a la oficina | BQ26: Mayor que cuando iba todos los días a la oficina | BR26: Mayor que cuando iba todos los días a la oficina | BS26: Mucho Mayor que cuando iba todos los días a la oficina | BT26: Mayor que cuando iba todos los días a la oficina | BU26: Igual que cuando iba todos los días a la oficina | BV26: Menor que cuando iba todos los días a la oficina | BW26: Igual que cuando iba todos los días a la oficina | BX26: Iguales que cuando iba todos los días a la oficina | BY26: Mayor que cuando iba todos los días a la oficina | BZ26: Mucho Mayor que cuando iba todos los días a la oficina | CA26: Menor que cuando iba todos los días a la oficina | CB26: Igual que cuando iba todos los días a la oficina | CC26: Igual que cuando iba todos los días a la oficina | CD26: Igual que cuando iba todos los días a la oficina | CE26: Igual que cuando iba todos los días a la oficina | CF26: Igual que cuando iba todos los días a la oficina | CG26: Igual que cuando iba todos los días a la oficina | CH26: Igual que cuando iba todos los días a la oficina | CI26: Mayor que cuando iba todos los días a la oficina | CJ26: Igual que cuando iba todos los días a la oficina | CK26: Mayores que cuando iba todos los días a la oficina | CL26: Igual que cuando iba todos los días a la oficina | CM26: Mayor que cuando iba todos los días a la oficina | CN26: encuestauniandes@estebandalelr.co | CO26: <301 empleados | CP26: =IFERROR(VLOOKUP(H26,'Lista Lideres'!$A$1:$B$350,2,0),0) -> 1
A27: 45560.69 | B27: España | C27: <35 años | D27: Masculino | E27: Máster universitario | F27: 5-10 años | G27: Analista de ciberseguridad | H27: Analista de ciberseguridad | I27: >500 empleados. | J27: Empresa que desarrolla software a medida partiendo desde cero | K27: Multinacional | L27: A veces | M27: Alto | N27: >5 días | O27: Ninguno | P27: Remota ( todos los días en casa) | Q27: Consensuada por las dos partes | R27: De acuerdo | S27: Menor que cuando iba todos los días a la oficina | T27: Menor que cuando iba todos los días a la oficina | U27: Menor que cuando iba todos los días a la oficina | V27: Diferentes que cuando iba todos los días a la oficina, ahora necesito menos horas para hacer lo mismo | W27: Todas por videoconferencia | X27: Menor que cuando eran en la oficina | Y27: Mucho Mayor que cuando iba todos los días a la oficina | Z27: Mucho Mayor que cuando iba todos los días a la oficina | AA27: Mucho Mayor que cuando iba todos los días a la oficina | AB27: Igual que cuando iba todos los días a la oficina | AC27: Igual que cuando iba todos los días a la oficina | AD27: Mejora mucho mi desempeño en el trabajo | AE27: Mejoran mi productividad | AF27: Igual que cuando iba todos los días a la oficina | AG27: Mayor que cuando iba todos los días a la oficina | AH27: Más que cuando iba todos los días a la oficina | AI27: Igual que cuando iba todos los días a la oficina | AJ27: Igual que cuando iba todos los días a la oficina | AK27: Igual que cuando iba todos los días a la oficina | AL27: Más que cuando iba todos los días a la oficina | AM27: Mas que cuando iba todos los días a la oficina | AN27: Igual que cuando iba todos los días a la oficina | AO27: Igual que cuando iba todos los días a la oficina | AP27: Mas que cuando iba todos los días a la oficina | AQ27: Iguales que cuando iba todos los días a la oficina | AR27: Igual que cuando iba todos los días a la oficina | AS27: Igual que cuando iba todos los días a la oficina | AT27: Mucho menor que cuando iba todos los días a la oficina | AU27: Igual que cuando iba todos los días a la oficina | AV27: Menor que cuando iba todos los días a la oficina | AW27: Menor que cuando iba todos los días a la oficina | AX27: Igual que cuando iba todos los días a la oficina | AY27: Mayor que cuando iba todos los días a la oficina | AZ27: Iguales que cuando iba todos los días a la oficina | BA27: Mayor que cuando iba todos los días a la oficina | BB27: Mucho menores que cuando iba todos los días a la oficina | BC27: Igual que cuando iba todos los días a la oficina | BD27: Iguales que cuando iba todos los días a la oficina | BE27: Iguales que cuando iba todos los días a la oficina | BF27: Menos que cuando iba todos los días a la oficina | BG27: Menor que cuando iba todos los días a la oficina | BH27: Menores que cuando iba todos los días a la oficina | BI27: Mayor que cuando iba todos los días a la oficina | BJ27: Igual que cuando iba todos los días a la oficina | BK27: Igual que cuando iba todos los días a la oficina | BL27: Iguales que cuando iba todos los días a la oficina | BM27: Igual que cuando iba todos los días a la oficina | BN27: Igual que cuando iba todos los días a la oficina | BO27: Mayor que cuando iba todos los días a la oficina | BP27: Mucho mayor que cuando iba todos los días a la oficina | BQ27: Igual que cuando iba todos los días a la oficina | BR27: Igual que cuando iba todos los días a la oficina | BS27: Igual que cuando iba todos los días a la oficina | BT27: Menor que cuando iba todos los días a la oficina | BU27: Igual que cuando iba todos los días a la oficina | BV27: Igual que cuando iba todos los días a la oficina | BW27: Igual que cuando iba todos los días a la oficina | BX27: Menores que cuando iba todos los días a la oficina | BY27: Igual que cuando iba todos los días a la oficina | BZ27: Mucho Mayor que cuando iba todos los días a la oficina | CA27: Igual que cuando iba todos los días a la oficina | CB27: Igual que cuando iba todos los días a la oficina | CC27: Igual que cuando iba todos los días a la oficina | CD27: Menor que cuando iba todos los días a la oficina | CE27: Igual que cuando iba todos los días a la oficina | CF27: Igual que cuando iba todos los días a la oficina | CG27: Menor que cuando iba todos los días a la oficina | CH27: Igual que cuando iba todos los días a la oficina | CI27: Mayor que cuando iba todos los días a la oficina | CJ27: Menor que cuando iba todos los días a la oficina | CK27: Iguales que cuando iba todos los días a la oficina | CL27: Menor que cuando iba todos los días a la oficina | CM27: Igual que cuando iba todos los días a la oficina | CO27: 301+ empleados | CP27: =IFERROR(VLOOKUP(H27,'Lista Lideres'!$A$1:$B$350,2,0),0) -> 0
A28: 45565.702 | B28: España | C28: <35 años | D28: Masculino | E28: Grado en Ingeniería Informática | F28: 5-10 años | G28: Consultor software | H28: Consultor software | I28: 51-150 empleados | J28: Fábrica de Software | K28: Nacional (múltiples sedes en el mismo país) | L28: A veces | M28: Alto | N28: >5 días | O28: Ninguno | P28: Remota ( todos los días en casa) | Q28: Consensuada por las dos partes | R28: En desacuerdo | S28: Igual que cuando iba todos los días a la oficina | T28: Igual que cuando iba todos los días a la oficina | U28: Igual que cuando iba todos los días a la oficina | V28: Muy diferentes que cuando iba todos los días a la oficina, ahora necesito muchas menos horas para hacer lo mismo | W28: Todas por videoconferencia | X28: Mucho menor que cuando eran en la oficina | Y28: Mayor que cuando iba todos los días a la oficina | Z28: Mayor que cuando iba todos los días a la oficina | AA28: Mayor que cuando iba todos los días a la oficina | AB28: Mucho Mayor que cuando iba todos los días a la oficina | AC28: Mayor que cuando iba todos los días a la oficina | AD28: Mejora mucho mi desempeño en el trabajo | AE28: Mejoran mi productividad | AF28: Mucho mayor que cuando iba todos los días a la oficina | AG28: Igual que cuando iba todos los días a la oficina | AH28: Igual que cuando iba todos los días a la oficina | AI28: Igual que cuando iba todos los días a la oficina | AJ28: No trabajo con personas con un horario distinto al mío | AK28: Igual que cuando iba todos los días a la oficina | AL28: Igual que cuando iba todos los días a la oficina | AM28: Igual que cuando iba todos los días a la oficina | AN28: Igual que cuando iba todos los días a la oficina | AO28: Igual que cuando iba todos los días a la oficina | AP28: Igual que cuando iba todos los días a la oficina | AQ28: Iguales que cuando iba todos los días a la oficina | AR28: Igual que cuando iba todos los días a la oficina | AS28: Igual que cuando iba todos los días a la oficina | AT28: Menor que cuando iba todos los días a la oficina | AU28: Mayor que cuando iba todos los días a la oficina | AV28: Igual que cuando iba todos los días a la oficina | AW28: Igual que cuando iba todos los días a la oficina | AX28: Igual que cuando iba todos los días a la oficina | AY28: Mucho mayor que cuando iba todos los días a la oficina | AZ28: Iguales que cuando iba todos los días a la oficina | BA28: Mucho mayor que cuando iba todos los días a la oficina | BB28: No hay diferencias culturales en mi equipo | BC28: Mayor que cuando iba todos los días a la oficina | BD28: Iguales que cuando iba todos los días a la oficina | BE28: Menores que cuando iba todos los días a la oficina | BF28: No trabajo con personas con distintos horarios | BG28: Menor que cuando iba todos los días a la oficina | BH28: Mucho menores que cuando iba todos los días a la oficina | BI28: Mayor que cuando iba todos los días a la oficina | BJ28: Igual que cuando iba todos los días a la oficina | BK28: Menos que cuando iba todos los días a la oficina | BL28: Iguales que cuando iba todos los días a la oficina | BM28: Igual que cuando iba todos los días a la oficina | BN28: Igual que cuando iba todos los días a la oficina | BO28: Mucho Mayor que cuando iba todos los días a la oficina | BP28: Mucho mayor que cuando iba todos los días a la oficina | BQ28: Igual que cuando iba todos los días a la oficina | BR28: Igual que cuando iba todos los días a la oficina | BS28: Mayor que cuando iba todos los días a la oficina | BT28: Mayor que cuando iba todos los días a la oficina | BU28: Mayor que cuando iba todos los días a la oficina | BV28: Igual que cuando iba todos los días a la oficina | BW28: Igual que cuando iba todos los días a la oficina | BX28: Iguales que cuando iba todos los días a la oficina | BY28: Igual que cuando iba todos los días a la oficina | BZ28: Mayor que cuando iba todos los días a la oficina | CA28: Igual que cuando iba todos los días a la oficina | CB28: Menor que cuando iba todos los días a la oficina | CC28: Igual que cuando iba todos los días a la oficina | CD28: Menor que cuando iba todos los días a la oficina | CE28: Igual que cuando iba todos los días a la oficina | CF28: Igual que cuando iba todos los días a la oficina | CG28: Igual que cuando iba todos los días a la oficina | CH28: Igual que cuando iba todos los días a la oficina | CI28: Mayor que cuando iba todos los días a la oficina | CJ28: Mucho menor que cuando iba todos los días a la oficina | CK28: Iguales que cuando iba todos los días a la oficina | CL28: Igual que cuando iba todos los días a la oficina | CM28: Mayor que cuando iba todos los días a la oficina | CN28: acasado@madrija.com | CO28: <301 empleados | CP28: =IFERROR(VLOOKUP(H28,'Lista Lideres'!$A$1:$B$350,2,0),0) -> 0
A29: 45570.396 | B29: España | C29: <35 años | D29: Femenino | E29: Estudios universitarios | F29: 5-10 años | G29: Consultora dé Calidad | H29: Consultora de Calidad | I29: <50 empleados | J29: Fábrica de Software | K29: Local | L29: Casi Nunca | M29: Alto | N29: >5 días | O29: Ninguno | P29: Remota ( todos los días en casa) | Q29: Consensuada por las dos partes | R29: De acuerdo | S29: Igual que cuando iba todos los días a la oficina | T29: Igual que cuando iba todos los días a la oficina | U29: Menor que cuando iba todos los días a la oficina | V29: Iguales que cuando iba todos los días a la oficina | W29: Todas por videoconferencia | X29: Mayor que cuando eran en la oficina | Y29: Igual que cuando iba todos los días a la oficina | Z29: Igual que cuando iba todos los días a la oficina | AA29: Igual que cuando iba todos los días a la oficina | AB29: Igual que cuando iba todos los días a la oficina | AC29: Mayor que cuando iba todos los días a la oficina | AD29: Mejora mi desempeño en el trabajo | AE29: No afectan a mi productividad | AF29: Igual que cuando iba todos los días a la oficina | AG29: Igual que cuando iba todos los días a la oficina | AH29: Igual que cuando iba todos los días a la oficina | AI29: Igual que cuando iba todos los días a la oficina | AJ29: Igual que cuando iba todos los días a la oficina | AK29: Igual que cuando iba todos los días a la oficina | AL29: Igual que cuando iba todos los días a la oficina | AM29: Igual que cuando iba todos los días a la oficina | AN29: Igual que cuando iba todos los días a la oficina | AO29: Igual que cuando iba todos los días a la oficina | AP29: Igual que cuando iba todos los días a la oficina | AQ29: Iguales que cuando iba todos los días a la oficina | AR29: Igual que cuando iba todos los días a la oficina | AS29: Igual que cuando iba todos los días a la oficina | AT29: Mayor que cuando iba todos los días a la oficina | AU29: Mayor que cuando iba todos los días a la oficina | AV29: Igual que cuando iba todos los días a la oficina | AW29: Mayor que cuando iba todos los días a la oficina | AX29: Igual que cuando iba todos los días a la oficina | AY29: Igual que cuando iba todos los días a la oficina | AZ29: Menores que cuando iba todos los días a la oficina | BA29: Igual que cuando iba todos los días a la oficina | BB29: Iguales que cuando iba todos los días a la oficina | BC29: Igual que cuando iba todos los días a la oficina | BD29: Iguales que cuando iba todos los días a la oficina | BE29: Iguales que cuando iba todos los días a la oficina | BF29: Igual que cuando iba todos los días a la oficina | BG29: Menor que cuando iba todos los días a la oficina | BH29: Menores que cuando iba todos los días a la oficina | BI29: Mayor que cuando iba todos los días a la oficina | BJ29: Igual que cuando iba todos los días a la oficina | BK29: Igual que cuando iba todos los días a la oficina | BL29: Iguales que cuando iba todos los días a la oficina | BM29: Igual que cuando iba todos los días a la oficina | BN29: Igual que cuando iba todos los días a la oficina | BO29: Mayor que cuando iba todos los días a la oficina | BP29: Mayor que cuando iba todos los días a la oficina | BQ29: Igual que cuando iba todos los días a la oficina | BR29: Igual que cuando iba todos los días a la oficina | BS29: Igual que cuando iba todos los días a la oficina | BT29: Igual que cuando iba todos los días a la oficina | BU29: Igual que cuando iba todos los días a la oficina | BV29: Igual que cuando iba todos los días a la oficina | BW29: Igual que cuando iba todos los días a la oficina | BX29: Iguales que cuando iba todos los días a la oficina | BY29: Igual que cuando iba todos los días a la oficina | BZ29: Mayor que cuando iba todos los días a la oficina | CA29: Igual que cuando iba todos los días a la oficina | CB29: Igual que cuando iba todos los días a la oficina | CC29: Igual que cuando iba todos los días a la oficina | CD29: Igual que cuando iba todos los días a la oficina | CE29: Peor que cuando iba todos los días a la oficina | CF29: Igual que cuando iba todos los días a la oficina | CG29: Menor que cuando iba todos los días a la oficina | CH29: Menor que cuando iba todos los días a la oficina | CI29: Igual que cuando iba todos los días a la oficina | CJ29: Igual que cuando iba todos los días a la oficina | CK29: Iguales que cuando iba todos los días a la oficina | CL29: Igual que cuando iba todos los días a la oficina | CM29: Igual que cuando iba todos los días a la oficina | CO29: <301 empleados | CP29: =IFERROR(VLOOKUP(H29,'Lista Lideres'!$A$1:$B$350,2,0),0) -> 0
A30: 45561.846 | B30: España | C30: <35 años | D30: Masculino | E30: Graduado | F30: 11-20 años | G30: Desarrollador analista | H30: Desarrollador analista | I30: >500 empleados. | J30: Fábrica de Software | K30: Multinacional | L30: Nunca | M30: Alto | N30: >5 días | O30: Ninguno | P30: Híbrida oficina (más días en la oficina que en casa) | Q30: Decidida por ti | R30: Totalmente en desacuerdo | S30: Igual que cuando iba todos los días a la oficina | T30: Igual que cuando iba todos los días a la oficina | U30: Igual que cuando iba todos los días a la oficina | V30: Diferentes que cuando iba todos los días a la oficina, ahora necesito menos horas para hacer lo mismo | W30: Todas por videoconferencia | X30: Menor que cuando eran en la oficina | Y30: Mayor que cuando iba todos los días a la oficina | Z30: Mayor que cuando iba todos los días a la oficina | AA30: Mayor que cuando iba todos los días a la oficina | AB30: Mayor que cuando iba todos los días a la oficina | AC30: Mucho Mejor que cuando iba todos los días a la oficina | AD30: Mejora mucho mi desempeño en el trabajo | AE30: Disminuyen mi productividad | AF30: Mayor que cuando iba todos los días a la oficina | AG30: Mayor que cuando iba todos los días a la oficina | AH30: Más que cuando iba todos los días a la oficina | AI30: Igual que cuando iba todos los días a la oficina | AJ30: Más que cuando iba todos los días a la oficina | AK30: Más que cuando iba todos los días a la oficina | AL30: Igual que cuando iba todos los días a la oficina | AM30: Igual que cuando iba todos los días a la oficina | AN30: Mas que cuando iba todos los días a la oficina | AO30: Mas que cuando iba todos los días a la oficina | AP30: Igual que cuando iba todos los días a la oficina | AQ30: Iguales que cuando iba todos los días a la oficina | AR30: Igual que cuando iba todos los días a la oficina | AS30: Mayor que cuando iba todos los días a la oficina | AT30: Menor que cuando iba todos los días a la oficina | AU30: Menor que cuando iba todos los días a la oficina | AV30: Igual que cuando iba todos los días a la oficina | AW30: Igual que cuando iba todos los días a la oficina | AX30: Igual que cuando iba todos los días a la oficina | AY30: Mucho mayor que cuando iba todos los días a la oficina | AZ30: Mayores que cuando iba todos los días a la oficina | BA30: Mayor que cuando iba todos los días a la oficina | BB30: Mayores que cuando iba todos los días a la oficina | BC30: Mayor que cuando iba todos los días a la oficina | BD30: Mucho mayores que cuando iba todos los días a la oficina | BE30: Mayores que cuando iba todos los días a la oficina | BF30: Más que cuando iba todos los días a la oficina | BG30: Mayor que cuando iba todos los días a la oficina | BH30: Mucho menores que cuando iba todos los días a la oficina | BI30: Igual que cuando iba todos los días a la oficina | BJ30: Mayor que cuando iba todos los días a la oficina | BK30: Más que cuando iba todos los días a la oficina | BL30: Iguales que cuando iba todos los días a la oficina | BM30: Igual que cuando iba todos los días a la oficina | BN30: Mucho menor que cuando iba todos los días a la oficina | BO30: Menor que cuando iba todos los días a la oficina | BP30: Mucho mayor que cuando iba todos los días a la oficina | BQ30: Igual que cuando iba todos los días a la oficina | BR30: Igual que cuando iba todos los días a la oficina | BS30: Igual que cuando iba todos los días a la oficina | BT30: Igual que cuando iba todos los días a la oficina | BU30: Mucho menor que cuando iba todos los días a la oficina | BV30: Mucho mayor que cuando iba todos los días a la oficina | BW30: Igual que cuando iba todos los días a la oficina | BX30: Iguales que cuando iba todos los días a la oficina | BY30: Mayor que cuando iba todos los días a la oficina | BZ30: Menor que cuando iba todos los días a la oficina | CA30: Mayor que cuando iba todos los días a la oficina | CB30: Igual que cuando iba todos los días a la oficina | CC30: Igual que cuando iba todos los días a la oficina | CD30: Igual que cuando iba todos los días a la oficina | CE30: Igual que cuando iba todos los días a la oficina | CF30: Igual que cuando iba todos los días a la oficina | CG30: Igual que cuando iba todos los días a la oficina | CH30: Igual que cuando iba todos los días a la oficina | CI30: Mayor que cuando iba todos los días a la oficina | CJ30: Menor que cuando iba todos los días a la oficina | CK30: Menores que cuando iba todos los días a la oficina | CL30: Igual que cuando iba todos los días a la oficina | CM30: Menor que cuando iba todos los días a la oficina | CO30: 301+ empleados | CP30: =IFERROR(VLOOKUP(H30,'Lista Lideres'!$A$1:$B$350,2,0),0) -> 0
A31: 45560.533 | B31: España | C31: <35 años | D31: Masculino | E31: Master | F31: 11-20 años | G31: Desarrollador, Project Manager, Agile Coach | H31: Agile Coach / Delivery Manager | I31: >500 empleados. | J31: Empresa que desarrolla software a medida partiendo desde cero | K31: Multinacional | L31: Muy Frecuentemente | M31: Alto | N31: >5 días | O31: Ninguno | P31: Híbrida casa (más días en casa que en la oficina) | Q31: Impuesta por la empresa | R31: De acuerdo | S31: Igual que cuando iba todos los días a la oficina | T31: Igual que cuando iba todos los días a la oficina | U31: Igual que cuando iba todos los días a la oficina | V31: Diferentes que cuando iba todos los días a la oficina, ahora necesito menos horas para hacer lo mismo | W31: Todas por videoconferencia | X31: Menor que cuando eran en la oficina | Y31: Mayor que cuando iba todos los días a la oficina | Z31: Igual que cuando iba todos los días a la oficina | AA31: Igual que cuando iba todos los días a la oficina | AB31: Mayor que cuando iba todos los días a la oficina | AC31: Mayor que cuando iba todos los días a la oficina | AD31: Mejora mi desempeño en el trabajo | AE31: Mejoran mi productividad | AF31: Igual que cuando iba todos los días a la oficina | AG31: Menor que cuando iba todos los días a la oficina | AH31: Igual que cuando iba todos los días a la oficina | AI31: Menos que cuando iba todos los días a la oficina | AJ31: Menos que cuando iba todos los días a la oficina | AK31: Mucho menos que cuando iba todos los días a la oficina | AL31: Mucho más que cuando iba todos los días a la oficina | AM31: Igual que cuando iba todos los días a la oficina | AN31: Mucho más que cuando iba todos los días a la oficina | AO31: Igual que cuando iba todos los días a la oficina | AP31: Igual que cuando iba todos los días a la oficina | AQ31: Iguales que cuando iba todos los días a la oficina | AR31: Igual que cuando iba todos los días a la oficina | AS31: Igual que cuando iba todos los días a la oficina | AT31: Menor que cuando iba todos los días a la oficina | AU31: Igual que cuando iba todos los días a la oficina | AV31: Menor que cuando iba todos los días a la oficina | AW31: Igual que cuando iba todos los días a la oficina | AX31: Igual que cuando iba todos los días a la oficina | AY31: Mucho mayor que cuando iba todos los días a la oficina | AZ31: Iguales que cuando iba todos los días a la oficina | BA31: Mucho mayor que cuando iba todos los días a la oficina | BB31: Mucho menores que cuando iba todos los días a la oficina | BC31: Menor que cuando iba todos los días a la oficina | BD31: Iguales que cuando iba todos los días a la oficina | BE31: Mucho menores que cuando iba todos los días a la oficina | BF31: Igual que cuando iba todos los días a la oficina | BG31: Igual que cuando iba todos los días a la oficina | BH31: Menores que cuando iba todos los días a la oficina | BI31: Mayor que cuando iba todos los días a la oficina | BJ31: Igual que cuando iba todos los días a la oficina | BK31: Igual que cuando iba todos los días a la oficina | BL31: Iguales que cuando iba todos los días a la oficina | BM31: Igual que cuando iba todos los días a la oficina | BN31: Mayor que cuando iba todos los días a la oficina | BO31: Mayor que cuando iba todos los días a la oficina | BP31: Mayor que cuando iba todos los días a la oficina | BQ31: Igual que cuando iba todos los días a la oficina | BR31: Igual que cuando iba todos los días a la oficina | BS31: Igual que cuando iba todos los días a la oficina | BT31: Mayor que cuando iba todos los días a la oficina | BU31: Mayor que cuando iba todos los días a la oficina | BV31: Igual que cuando iba todos los días a la oficina | BW31: Menos que cuando iba todos los días a la oficina | BX31: Menores que cuando iba todos los días a la oficina | BY31: Igual que cuando iba todos los días a la oficina | BZ31: Mucho Mayor que cuando iba todos los días a la oficina | CA31: Igual que cuando iba todos los días a la oficina | CB31: Menor que cuando iba todos los días a la oficina | CC31: Igual que cuando iba todos los días a la oficina | CD31: Mucho Mayor que cuando iba todos los días a la oficina | CE31: Igual que cuando iba todos los días a la oficina | CF31: Menor que cuando iba todos los días a la oficina | CG31: Mucho menor que cuando iba todos los días a la oficina | CH31: Igual que cuando iba todos los días a la oficina | CI31: Igual que cuando iba todos los días a la oficina | CJ31: Igual que cuando iba todos los días a la oficina | CK31: Iguales que cuando iba todos los días a la oficina | CL31: Igual que cuando iba todos los días a la oficina | CM31: Mayor que cuando iba todos los días a la oficina | CN31: joseanmp@gmail.com | CO31: 301+ empleados | CP31: =IFERROR(VLOOKUP(H31,'Lista Lideres'!$A$1:$B$350,2,0),0) -> 1
A32: 45573.688 | B32: España | C32: <35 años | D32: Masculino | E32: superiores | F32: 21-30 años | G32: Gerente | H32: Gerente | I32: >500 empleados. | J32: Fábrica de Software | K32: Multinacional | L32: A veces | M32: Alto | N32: >5 días | O32: Ninguno | P32: Híbrida casa (más días en casa que en la oficina) | Q32: Consensuada por las dos partes | R32: Totalmente en desacuerdo | S32: Igual que cuando iba todos los días a la oficina | T32: Igual que cuando iba todos los días a la oficina | U32: Igual que cuando iba todos los días a la oficina | V32: Iguales que cuando iba todos los días a la oficina | W32: Todas por videoconferencia | X32: Mucho menor que cuando eran en la oficina | Y32: Igual que cuando iba todos los días a la oficina | Z32: Igual que cuando iba todos los días a la oficina | AA32: Igual que cuando iba todos los días a la oficina | AB32: Mayor que cuando iba todos los días a la oficina | AC32: Mucho Mejor que cuando iba todos los días a la oficina | AD32: Mejora mi desempeño en el trabajo | AE32: Mejoran mi productividad | AF32: Mucho mayor que cuando iba todos los días a la oficina | AG32: Mayor que cuando iba todos los días a la oficina | AH32: Menos que cuando iba todos los días a la oficina | AI32: Igual que cuando iba todos los días a la oficina | AJ32: Igual que cuando iba todos los días a la oficina | AK32: Igual que cuando iba todos los días a la oficina | AL32: Igual que cuando iba todos los días a la oficina | AM32: Igual que cuando iba todos los días a la oficina | AN32: Menos que cuando iba todos los días a la oficina | AO32: Menos que cuando iba todos los días a la oficina | AP32: Igual que cuando iba todos los días a la oficina | AQ32: Iguales que cuando iba todos los días a la oficina | AR32: Igual que cuando iba todos los días a la oficina | AS32: Igual que cuando iba todos los días a la oficina | AT32: Mayor que cuando iba todos los días a la oficina | AU32: Igual que cuando iba todos los días a la oficina | AV32: Igual que cuando iba todos los días a la oficina | AW32: Igual que cuando iba todos los días a la oficina | AX32: Mayor que cuando iba todos los días a la oficina | AY32: Mucho mayor que cuando iba todos los días a la oficina | AZ32: Iguales que cuando iba todos los días a la oficina | BA32: Igual que cuando iba todos los días a la oficina | BB32: Iguales que cuando iba todos los días a la oficina | BC32: Igual que cuando iba todos los días a la oficina | BD32: Iguales que cuando iba todos los días a la oficina | BE32: Iguales que cuando iba todos los días a la oficina | BF32: Igual que cuando iba todos los días a la oficina | BG32: Igual que cuando iba todos los días a la oficina | BH32: Menores que cuando iba todos los días a la oficina | BI32: Mayor que cuando iba todos los días a la oficina | BJ32: Igual que cuando iba todos los días a la oficina | BK32: Igual que cuando iba todos los días a la oficina | BL32: Iguales que cuando iba todos los días a la oficina | BM32: Igual que cuando iba todos los días a la oficina | BN32: Igual que cuando iba todos los días a la oficina | BO32: Mayor que cuando iba todos los días a la oficina | BP32: Mucho mayor que cuando iba todos los días a la oficina | BQ32: Igual que cuando iba todos los días a la oficina | BR32: Igual que cuando iba todos los días a la oficina | BS32: Igual que cuando iba todos los días a la oficina | BT32: Igual que cuando iba todos los días a la oficina | BU32: Igual que cuando iba todos los días a la oficina | BV32: Igual que cuando iba todos los días a la oficina | BW32: Igual que cuando iba todos los días a la oficina | BX32: Iguales que cuando iba todos los días a la oficina | BY32: Igual que cuando iba todos los días a la oficina | BZ32: Menor que cuando iba todos los días a la oficina | CA32: Igual que cuando iba todos los días a la oficina | CB32: Menor que cuando iba todos los días a la oficina | CC32: Igual que cuando iba todos los días a la oficina | CD32: Igual que cuando iba todos los días a la oficina | CE32: Igual que cuando iba todos los días a la oficina | CF32: Igual que cuando iba todos los días a la oficina | CG32: Menor que cuando iba todos los días a la oficina | CH32: Igual que cuando iba todos los días a la oficina | CI32: Igual que cuando iba todos los días a la oficina | CJ32: Menor que cuando iba todos los días a la oficina | CK32: Iguales que cuando iba todos los días a la oficina | CL32: Igual que cuando iba todos los días a la oficina | CM32: Igual que cuando iba todos los días a la oficina | CO32: 301+ empleados | CP32: =IFERROR(VLOOKUP(H32,'Lista Lideres'!$A$1:$B$350,2,0),0) -> 1
A33: 45567.486 | B33: España | C33: <35 años | D33: Masculino | E33: Ingeniero | F33: 11-20 años | G33: Ing. Senior | H33: Ing. Senior | I33: >500 empleados. | J33: Empresa que desarrolla software a medida partiendo desde cero | K33: Multinacional | L33: Frecuentemente | M33: Alto | N33: >5 días | O33: Ninguno | P33: Remota ( todos los días en casa) | Q33: Consensuada por las dos partes | R33: De acuerdo | S33: Igual que cuando iba todos los días a la oficina | T33: Igual que cuando iba todos los días a la oficina | U33: Igual que cuando iba todos los días a la oficina | V33: Iguales que cuando iba todos los días a la oficina | W33: Todas por videoconferencia | X33: Igual que cuando eran en la oficina | Y33: Mayor que cuando iba todos los días a la oficina | Z33: Mayor que cuando iba todos los días a la oficina | AA33: Mayor que cuando iba todos los días a la oficina | AB33: Mayor que cuando iba todos los días a la oficina | AC33: Mayor que cuando iba todos los días a la oficina | AD33: Mejora mi desempeño en el trabajo | AE33: Mejoran mi productividad | AF33: Igual que cuando iba todos los días a la oficina | AG33: Igual que cuando iba todos los días a la oficina | AH33: Igual que cuando iba todos los días a la oficina | AI33: Igual que cuando iba todos los días a la oficina | AJ33: Igual que cuando iba todos los días a la oficina | AK33: Igual que cuando iba todos los días a la oficina | AL33: Igual que cuando iba todos los días a la oficina | AM33: Igual que cuando iba todos los días a la oficina | AN33: Igual que cuando iba todos los días a la oficina | AO33: Igual que cuando iba todos los días a la oficina | AP33: Igual que cuando iba todos los días a la oficina | AQ33: Iguales que cuando iba todos los días a la oficina | AR33: Igual que cuando iba todos los días a la oficina | AS33: Igual que cuando iba todos los días a la oficina | AT33: Igual que cuando iba todos los días a la oficina | AU33: Mayor que cuando iba todos los días a la oficina | AV33: Igual que cuando iba todos los días a la oficina | AW33: Igual que cuando iba todos los días a la oficina | AX33: Igual que cuando iba todos los días a la oficina | AY33: Mayor que cuando iba todos los días a la oficina | AZ33: Menores que cuando iba todos los días a la oficina | BA33: Igual que cuando iba todos los días a la oficina | BB33: Iguales que cuando iba todos los días a la oficina | BC33: Igual que cuando iba todos los días a la oficina | BD33: Iguales que cuando iba todos los días a la oficina | BE33: Iguales que cuando iba todos los días a la oficina | BF33: Igual que cuando iba todos los días a la oficina | BG33: Igual que cuando iba todos los días a la oficina | BH33: Menores que cuando iba todos los días a la oficina | BI33: Igual que cuando iba todos los días a la oficina | BJ33: Igual que cuando iba todos los días a la oficina | BK33: Igual que cuando iba todos los días a la oficina | BL33: Iguales que cuando iba todos los días a la oficina | BM33: Igual que cuando iba todos los días a la oficina | BN33: Igual que cuando iba todos los días a la oficina | BO33: Mayor que cuando iba todos los días a la oficina | BP33: Mayor que cuando iba todos los días a la oficina | BQ33: Igual que cuando iba todos los días a la oficina | BR33: Igual que cuando iba todos los días a la oficina | BS33: Igual que cuando iba todos los días a la oficina | BT33: Igual que cuando iba todos los días a la oficina | BU33: Igual que cuando iba todos los días a la oficina | BV33: Igual que cuando iba todos los días a la oficina | BW33: Mas que cuando iba todos los días a la oficina | BX33: Iguales que cuando iba todos los días a la oficina | BY33: Igual que cuando iba todos los días a la oficina | BZ33: Mayor que cuando iba todos los días a la oficina | CA33: Igual que cuando iba todos los días a la oficina | CB33: Igual que cuando iba todos los días a la oficina | CC33: Igual que cuando iba todos los días a la oficina | CD33: Igual que cuando iba todos los días a la oficina | CE33: Igual que cuando iba todos los días a la oficina | CF33: Igual que cuando iba todos los días a la oficina | CG33: Igual que cuando iba todos los días a la oficina | CH33: Igual que cuando iba todos los días a la oficina | CI33: Igual que cuando iba todos los días a la oficina | CJ33: Igual que cuando iba todos los días a la oficina | CK33: Iguales que cuando iba todos los días a la oficina | CL33: Igual que cuando iba todos los días a la oficina | CM33: Igual que cuando iba todos los días a la oficina | CN33: ramonsanchezlozano@gmail.com | CO33: 301+ empleados | CP33: =IFERROR(VLOOKUP(H33,'Lista Lideres'!$A$1:$B$350,2,0),0) -> 0
A34: 45560.581 | B34: España | C34: <35 años | D34: Masculino | E34: Educación superior de posgrado | F34: 5-10 años | G34: Ingeniero Software | H34: Ingeniero Software Senior | I34: 301-500 empleados | J34: Empresa que desarrolla software a medida partiendo desde cero | K34: Multinacional | L34: A veces | M34: Alto | N34: >5 días | O34: Ninguno | P34: Remota ( todos los días en casa) | Q34: Decidida por ti | R34: Totalmente de acuerdo | S34: Mayor que cuando iba todos los días a la oficina | T34: Igual que cuando iba todos los días a la oficina | U34: Igual que cuando iba todos los días a la oficina | V34: Iguales que cuando iba todos los días a la oficina | W34: Todas por videoconferencia | X34: Igual que cuando eran en la oficina | Y34: Mayor que cuando iba todos los días a la oficina | Z34: Mayor que cuando iba todos los días a la oficina | AA34: Mayor que cuando iba todos los días a la oficina | AB34: Mayor que cuando iba todos los días a la oficina | AC34: Mucho Mejor que cuando iba todos los días a la oficina | AD34: Mejora mucho mi desempeño en el trabajo | AE34: Mejoran mucho mi productividad | AF34: Mayor que cuando iba todos los días a la oficina | AG34: Igual que cuando iba todos los días a la oficina | AH34: Igual que cuando iba todos los días a la oficina | AI34: Igual que cuando iba todos los días a la oficina | AJ34: Igual que cuando iba todos los días a la oficina | AK34: Igual que cuando iba todos los días a la oficina | AL34: Igual que cuando iba todos los días a la oficina | AM34: Igual que cuando iba todos los días a la oficina | AN34: Igual que cuando iba todos los días a la oficina | AO34: Igual que cuando iba todos los días a la oficina | AP34: Igual que cuando iba todos los días a la oficina | AQ34: Iguales que cuando iba todos los días a la oficina | AR34: Igual que cuando iba todos los días a la oficina | AS34: Mayor que cuando iba todos los días a la oficina | AT34: Igual que cuando iba todos los días a la oficina | AU34: Igual que cuando iba todos los días a la oficina | AV34: Igual que cuando iba todos los días a la oficina | AW34: Igual que cuando iba todos los días a la oficina | AX34: Igual que cuando iba todos los días a la oficina | AY34: Mucho mayor que cuando iba todos los días a la oficina | AZ34: Iguales que cuando iba todos los días a la oficina | BA34: Mayor que cuando iba todos los días a la oficina | BB34: Iguales que cuando iba todos los días a la oficina | BC34: Mayor que cuando iba todos los días a la oficina | BD34: Iguales que cuando iba todos los días a la oficina | BE34: Iguales que cuando iba todos los días a la oficina | BF34: Igual que cuando iba todos los días a la oficina | BG34: Igual que cuando iba todos los días a la oficina | BH34: Menores que cuando iba todos los días a la oficina | BI34: Igual que cuando iba todos los días a la oficina | BJ34: Igual que cuando iba todos los días a la oficina | BK34: Igual que cuando iba todos los días a la oficina | BL34: Iguales que cuando iba todos los días a la oficina | BM34: Igual que cuando iba todos los días a la oficina | BN34: Igual que cuando iba todos los días a la oficina | BO34: Igual que cuando iba todos los días a la oficina | BP34: Mucho mayor que cuando iba todos los días a la oficina | BQ34: Igual que cuando iba todos los días a la oficina | BR34: Igual que cuando iba todos los días a la oficina | BS34: Igual que cuando iba todos los días a la oficina | BT34: Igual que cuando iba todos los días a la oficina | BU34: Igual que cuando iba todos los días a la oficina | BV34: Igual que cuando iba todos los días a la oficina | BW34: Igual que cuando iba todos los días a la oficina | BX34: Iguales que cuando iba todos los días a la oficina | BY34: Igual que cuando iba todos los días a la oficina | BZ34: Mucho Mayor que cuando iba todos los días a la oficina | CA34: Igual que cuando iba todos los días a la oficina | CB34: Mayor que cuando iba todos los días a la oficina | CC34: Igual que cuando iba todos los días a la oficina | CD34: Igual que cuando iba todos los días a la oficina | CE34: Igual que cuando iba todos los días a la oficina | CF34: Igual que cuando iba todos los días a la oficina | CG34: Igual que cuando iba todos los días a la oficina | CH34: Igual que cuando iba todos los días a la oficina | CI34: Igual que cuando iba todos los días a la oficina | CJ34: Igual que cuando iba todos los días a la oficina | CK34: Iguales que cuando iba todos los días a la oficina | CL34: Igual que cuando iba todos los días a la oficina | CM34: Igual que cuando iba todos los días a la oficina | CN34: javier.parrapatino@gmail.com | CO34: 301+ empleados | CP34: =IFERROR(VLOOKUP(H34,'Lista Lideres'!$A$1:$B$350,2,0),0) -> 0
A35: 45572.493 | B35: España | C35: <35 años | D35: Masculino | E35: Ingenieria en informatica | F35: 11-20 años | G35: Lider tecnico | H35: Project Manager | I35: >500 empleados. | J35: Empresa que desarrolla software a medida partiendo desde cero | K35: Multinacional | L35: A veces | M35: Alto | N35: >5 días | O35: 1-2 días | P35: Híbrida casa (más días en casa que en la oficina) | Q35: Decidida por ti | R35: En desacuerdo | S35: Igual que cuando iba todos los días a la oficina | T35: Igual que cuando iba todos los días a la oficina | U35: Igual que cuando iba todos los días a la oficina | V35: Iguales que cuando iba todos los días a la oficina | W35: Casi todas por videoconferencia | X35: Igual que cuando eran en la oficina | Y35: Mayor que cuando iba todos los días a la oficina | Z35: Mucho Mayor que cuando iba todos los días a la oficina | AA35: Mucho Mayor que cuando iba todos los días a la oficina | AB35: Mayor que cuando iba todos los días a la oficina | AC35: Mayor que cuando iba todos los días a la oficina | AD35: Mejora mi desempeño en el trabajo | AE35: Mejoran mi productividad | AF35: Mayor que cuando iba todos los días a la oficina | AG35: Mucho mayor que cuando iba todos los días a la oficina | AH35: Mucho más que cuando iba todos los días a la oficina | AI35: Más que cuando iba todos los días a la oficina | AJ35: Más que cuando iba todos los días a la oficina | AK35: Más que cuando iba todos los días a la oficina | AL35: Mucho más que cuando iba todos los días a la oficina | AM35: Mas que cuando iba todos los días a la oficina | AN35: Mucho más que cuando iba todos los días a la oficina | AO35: Mas que cuando iba todos los días a la oficina | AP35: Mas que cuando iba todos los días a la oficina | AQ35: Mayores que cuando iba todos los días a la oficina | AR35: Mayor que cuando iba todos los días a la oficina | AS35: Mayor que cuando iba todos los días a la oficina | AT35: Igual que cuando iba todos los días a la oficina | AU35: Igual que cuando iba todos los días a la oficina | AV35: Igual que cuando iba todos los días a la oficina | AW35: Igual que cuando iba todos los días a la oficina | AX35: Igual que cuando iba todos los días a la oficina | AY35: Igual que cuando iba todos los días a la oficina | AZ35: Iguales que cuando iba todos los días a la oficina | BA35: Igual que cuando iba todos los días a la oficina | BB35: Iguales que cuando iba todos los días a la oficina | BC35: Igual que cuando iba todos los días a la oficina | BD35: Iguales que cuando iba todos los días a la oficina | BE35: Iguales que cuando iba todos los días a la oficina | BF35: Igual que cuando iba todos los días a la oficina | BG35: Igual que cuando iba todos los días a la oficina | BH35: Iguales que cuando iba todos los días a la oficina | BI35: Igual que cuando iba todos los días a la oficina | BJ35: Igual que cuando iba todos los días a la oficina | BK35: Igual que cuando iba todos los días a la oficina | BL35: Iguales que cuando iba todos los días a la oficina | BM35: Igual que cuando iba todos los días a la oficina | BN35: Igual que cuando iba todos los días a la oficina | BO35: Igual que cuando iba todos los días a la oficina | BP35: Igual que cuando iba todos los días a la oficina | BQ35: Igual que cuando iba todos los días a la oficina | BR35: Igual que cuando iba todos los días a la oficina | BS35: Igual que cuando iba todos los días a la oficina | BT35: Igual que cuando iba todos los días a la oficina | BU35: Igual que cuando iba todos los días a la oficina | BV35: Igual que cuando iba todos los días a la oficina | BW35: Igual que cuando iba todos los días a la oficina | BX35: Iguales que cuando iba todos los días a la oficina | BY35: Igual que cuando iba todos los días a la oficina | BZ35: Igual que cuando iba todos los días a la oficina | CA35: Igual que cuando iba todos los días a la oficina | CB35: Igual que cuando iba todos los días a la oficina | CC35: Igual que cuando iba todos los días a la oficina | CD35: Igual que cuando iba todos los días a la oficina | CE35: Igual que cuando iba todos los días a la oficina | CF35: Igual que cuando iba todos los días a la oficina | CG35: Igual que cuando iba todos los días a la oficina | CH35: Igual que cuando iba todos los días a la oficina | CI35: Igual que cuando iba todos los días a la oficina | CJ35: Igual que cuando iba todos los días a la oficina | CK35: Iguales que cuando iba todos los días a la oficina | CL35: Igual que cuando iba todos los días a la oficina | CM35: Igual que cuando iba todos los días a la oficina | CO35: 301+ empleados | CP35: =IFERROR(VLOOKUP(H35,'Lista Lideres'!$A$1:$B$350,2,0),0) -> 1
A36: 45565.713 | B36: España | C36: <35 años | D36: Femenino | E36: Grado universitario | F36: 5-10 años | G36: Product owner | H36: Desarrolladora frontend | I36: <50 empleados | J36: Fábrica de Software | K36: Local | L36: Casi Nunca | M36: Alto | N36: >5 días | O36: Ninguno | P36: Remota ( todos los días en casa) | Q36: Consensuada por las dos partes | R36: De acuerdo | S36: Igual que cuando iba todos los días a la oficina | T36: Igual que cuando iba todos los días a la oficina | U36: Igual que cuando iba todos los días a la oficina | V36: Diferentes que cuando iba todos los días a la oficina, ahora necesito menos horas para hacer lo mismo | W36: Todas por videoconferencia | X36: Igual que cuando eran en la oficina | Y36: Mucho Mayor que cuando iba todos los días a la oficina | Z36: Mucho Mayor que cuando iba todos los días a la oficina | AA36: Mayor que cuando iba todos los días a la oficina | AB36: Mucho Mayor que cuando iba todos los días a la oficina | AC36: Mucho Mejor que cuando iba todos los días a la oficina | AD36: No me influye | AE36: No afectan a mi productividad | AF36: Igual que cuando iba todos los días a la oficina | AG36: Igual que cuando iba todos los días a la oficina | AH36: Igual que cuando iba todos los días a la oficina | AI36: Igual que cuando iba todos los días a la oficina | AJ36: Igual que cuando iba todos los días a la oficina | AK36: Igual que cuando iba todos los días a la oficina | AL36: Igual que cuando iba todos los días a la oficina | AM36: Igual que cuando iba todos los días a la oficina | AN36: Igual que cuando iba todos los días a la oficina | AO36: Igual que cuando iba todos los días a la oficina | AP36: Igual que cuando iba todos los días a la oficina | AQ36: Mayores que cuando iba todos los días a la oficina | AR36: Mayor que cuando iba todos los días a la oficina | AS36: Igual que cuando iba todos los días a la oficina | AT36: Mayor que cuando iba todos los días a la oficina | AU36: Mayor que cuando iba todos los días a la oficina | AV36: Igual que cuando iba todos los días a la oficina | AW36: Igual que cuando iba todos los días a la oficina | AX36: Mayor que cuando iba todos los días a la oficina | AY36: Igual que cuando iba todos los días a la oficina | AZ36: Iguales que cuando iba todos los días a la oficina | BA36: Igual que cuando iba todos los días a la oficina | BB36: Iguales que cuando iba todos los días a la oficina | BC36: Igual que cuando iba todos los días a la oficina | BD36: Menores que cuando iba todos los días a la oficina | BE36: Iguales que cuando iba todos los días a la oficina | BF36: Igual que cuando iba todos los días a la oficina | BG36: Igual que cuando iba todos los días a la oficina | BH36: Iguales que cuando iba todos los días a la oficina | BI36: Mucho mayor que cuando iba todos los días a la oficina | BJ36: Igual que cuando iba todos los días a la oficina | BK36: Igual que cuando iba todos los días a la oficina | BL36: Iguales que cuando iba todos los días a la oficina | BM36: Igual que cuando iba todos los días a la oficina | BN36: Mayor que cuando iba todos los días a la oficina | BO36: Mucho Mayor que cuando iba todos los días a la oficina | BP36: Mucho mayor que cuando iba todos los días a la oficina | BQ36: Igual que cuando iba todos los días a la oficina | BR36: Igual que cuando iba todos los días a la oficina | BS36: Mayor que cuando iba todos los días a la oficina | BT36: Mayor que cuando iba todos los días a la oficina | BU36: Mayor que cuando iba todos los días a la oficina | BV36: Igual que cuando iba todos los días a la oficina | BW36: Igual que cuando iba todos los días a la oficina | BX36: Iguales que cuando iba todos los días a la oficina | BY36: Mayor que cuando iba todos los días a la oficina | BZ36: Mayor que cuando iba todos los días a la oficina | CA36: Igual que cuando iba todos los días a la oficina | CB36: Mucho menor que cuando iba todos los días a la oficina | CC36: Igual que cuando iba todos los días a la oficina | CD36: Igual que cuando iba todos los días a la oficina | CE36: Igual que cuando iba todos los días a la oficina | CF36: Igual que cuando iba todos los días a la oficina | CG36: Igual que cuando iba todos los días a la oficina | CH36: Igual que cuando iba todos los días a la oficina | CI36: Igual que cuando iba todos los días a la oficina | CJ36: Igual que cuando iba todos los días a la oficina | CK36: Iguales que cuando iba todos los días a la oficina | CL36: Igual que cuando iba todos los días a la oficina | CM36: Mayor que cuando iba todos los días a la oficina | CO36: <301 empleados | CP36: =IFERROR(VLOOKUP(H36,'Lista Lideres'!$A$1:$B$350,2,0),0) -> 0
A37: 45567.014 | B37: España | C37: <35 años | D37: Masculino | E37: FP superior | F37: 5-10 años | G37: Regular Software Engineer | H37: Senior Software Engineer | I37: >500 empleados. | J37: Empresa que desarrolla software a medida partiendo desde cero | K37: Multinacional | L37: Muy Frecuentemente | M37: Alto | N37: >5 días | O37: Ninguno | P37: Remota ( todos los días en casa) | Q37: Impuesta por la empresa | R37: De acuerdo | S37: Igual que cuando iba todos los días a la oficina | T37: Igual que cuando iba todos los días a la oficina | U37: Igual que cuando iba todos los días a la oficina | V37: Diferentes que cuando iba todos los días a la oficina, ahora necesito menos horas para hacer lo mismo | W37: Todas por videoconferencia | X37: Menor que cuando eran en la oficina | Y37: Igual que cuando iba todos los días a la oficina | Z37: Igual que cuando iba todos los días a la oficina | AA37: Igual que cuando iba todos los días a la oficina | AB37: Menor que cuando iba todos los días a la oficina | AC37: Mucho Mejor que cuando iba todos los días a la oficina | AD37: Mejora mi desempeño en el trabajo | AE37: No afectan a mi productividad | AF37: Igual que cuando iba todos los días a la oficina | AG37: Igual que cuando iba todos los días a la oficina | AH37: Igual que cuando iba todos los días a la oficina | AI37: Igual que cuando iba todos los días a la oficina | AJ37: Igual que cuando iba todos los días a la oficina | AK37: Igual que cuando iba todos los días a la oficina | AL37: Igual que cuando iba todos los días a la oficina | AM37: Igual que cuando iba todos los días a la oficina | AN37: Igual que cuando iba todos los días a la oficina | AO37: Igual que cuando iba todos los días a la oficina | AP37: Igual que cuando iba todos los días a la oficina | AQ37: Iguales que cuando iba todos los días a la oficina | AR37: Igual que cuando iba todos los días a la oficina | AS37: Igual que cuando iba todos los días a la oficina | AT37: Menor que cuando iba todos los días a la oficina | AU37: Igual que cuando iba todos los días a la oficina | AV37: Igual que cuando iba todos los días a la oficina | AW37: Igual que cuando iba todos los días a la oficina | AX37: Igual que cuando iba todos los días a la oficina | AY37: Mayor que cuando iba todos los días a la oficina | AZ37: Iguales que cuando iba todos los días a la oficina | BA37: Mayor que cuando iba todos los días a la oficina | BB37: Iguales que cuando iba todos los días a la oficina | BC37: Igual que cuando iba todos los días a la oficina | BD37: Iguales que cuando iba todos los días a la oficina | BE37: Iguales que cuando iba todos los días a la oficina | BF37: Igual que cuando iba todos los días a la oficina | BG37: Igual que cuando iba todos los días a la oficina | BH37: Mayores que cuando iba todos los días a la oficina | BI37: Mayor que cuando iba todos los días a la oficina | BJ37: Igual que cuando iba todos los días a la oficina | BK37: Igual que cuando iba todos los días a la oficina | BL37: Iguales que cuando iba todos los días a la oficina | BM37: Igual que cuando iba todos los días a la oficina | BN37: Igual que cuando iba todos los días a la oficina | BO37: Menor que cuando iba todos los días a la oficina | BP37: Mayor que cuando iba todos los días a la oficina | BQ37: Igual que cuando iba todos los días a la oficina | BR37: Igual que cuando iba todos los días a la oficina | BS37: Igual que cuando iba todos los días a la oficina | BT37: Mayor que cuando iba todos los días a la oficina | BU37: Igual que cuando iba todos los días a la oficina | BV37: Igual que cuando iba todos los días a la oficina | BW37: Igual que cuando iba todos los días a la oficina | BX37: Iguales que cuando iba todos los días a la oficina | BY37: Igual que cuando iba todos los días a la oficina | BZ37: Mucho Mayor que cuando iba todos los días a la oficina | CA37: Igual que cuando iba todos los días a la oficina | CB37: Igual que cuando iba todos los días a la oficina | CC37: Menor que cuando iba todos los días a la oficina | CD37: Igual que cuando iba todos los días a la oficina | CE37: Mejor que cuando iba todos los días a la oficina | CF37: Igual que cuando iba todos los días a la oficina | CG37: Menor que cuando iba todos los días a la oficina | CH37: Igual que cuando iba todos los días a la oficina | CI37: Igual que cuando iba todos los días a la oficina | CJ37: Igual que cuando iba todos los días a la oficina | CK37: Iguales que cuando iba todos los días a la oficina | CL37: Igual que cuando iba todos los días a la oficina | CM37: Igual que cuando iba todos los días a la oficina | CO37: 301+ empleados | CP37: =IFERROR(VLOOKUP(H37,'Lista Lideres'!$A$1:$B$350,2,0),0) -> 0
A38: 45560.534 | B38: España | C38: <35 años | D38: Masculino | E38: Universitarios | F38: 11-20 años | G38: Senior Project Manager | H38: Head of Engineering | I38: 151-300 empleados | J38: Fábrica de Software | K38: Multinacional | L38: Frecuentemente | M38: Alto | N38: >5 días | O38: Ninguno | P38: Híbrida casa (más días en casa que en la oficina) | Q38: Consensuada por las dos partes | R38: En desacuerdo | S38: Igual que cuando iba todos los días a la oficina | T38: Igual que cuando iba todos los días a la oficina | U38: Igual que cuando iba todos los días a la oficina | V38: Diferentes que cuando iba todos los días a la oficina, ahora necesito menos horas para hacer lo mismo | W38: Casi todas por videoconferencia | X38: Igual que cuando eran en la oficina | Y38: Mayor que cuando iba todos los días a la oficina | Z38: Mayor que cuando iba todos los días a la oficina | AA38: Mayor que cuando iba todos los días a la oficina | AB38: Mayor que cuando iba todos los días a la oficina | AC38: Mucho Mejor que cuando iba todos los días a la oficina | AD38: No me influye | AE38: No afectan a mi productividad | AF38: Igual que cuando iba todos los días a la oficina | AG38: Igual que cuando iba todos los días a la oficina | AH38: Igual que cuando iba todos los días a la oficina | AI38: Igual que cuando iba todos los días a la oficina | AJ38: Igual que cuando iba todos los días a la oficina | AK38: Igual que cuando iba todos los días a la oficina | AL38: Igual que cuando iba todos los días a la oficina | AM38: Igual que cuando iba todos los días a la oficina | AN38: Igual que cuando iba todos los días a la oficina | AO38: Igual que cuando iba todos los días a la oficina | AP38: Igual que cuando iba todos los días a la oficina | AQ38: Iguales que cuando iba todos los días a la oficina | AR38: Igual que cuando iba todos los días a la oficina | AS38: Igual que cuando iba todos los días a la oficina | AT38: Menor que cuando iba todos los días a la oficina | AU38: Igual que cuando iba todos los días a la oficina | AV38: Igual que cuando iba todos los días a la oficina | AW38: Igual que cuando iba todos los días a la oficina | AX38: Igual que cuando iba todos los días a la oficina | AY38: Mucho mayor que cuando iba todos los días a la oficina | AZ38: Iguales que cuando iba todos los días a la oficina | BA38: Mayor que cuando iba todos los días a la oficina | BB38: Iguales que cuando iba todos los días a la oficina | BC38: Igual que cuando iba todos los días a la oficina | BD38: Iguales que cuando iba todos los días a la oficina | BE38: Iguales que cuando iba todos los días a la oficina | BF38: Igual que cuando iba todos los días a la oficina | BG38: Mayor que cuando iba todos los días a la oficina | BH38: Menores que cuando iba todos los días a la oficina | BI38: Mayor que cuando iba todos los días a la oficina | BJ38: Igual que cuando iba todos los días a la oficina | BK38: Igual que cuando iba todos los días a la oficina | BL38: Iguales que cuando iba todos los días a la oficina | BM38: Igual que cuando iba todos los días a la oficina | BN38: Mayor que cuando iba todos los días a la oficina | BO38: Mayor que cuando iba todos los días a la oficina | BP38: Mucho mayor que cuando iba todos los días a la oficina | BQ38: Igual que cuando iba todos los días a la oficina | BR38: Igual que cuando iba todos los días a la oficina | BS38: Igual que cuando iba todos los días a la oficina | BT38: Mayor que cuando iba todos los días a la oficina | BU38: Igual que cuando iba todos los días a la oficina | BV38: Igual que cuando iba todos los días a la oficina | BW38: Igual que cuando iba todos los días a la oficina | BX38: Iguales que cuando iba todos los días a la oficina | BY38: Igual que cuando iba todos los días a la oficina | BZ38: Mucho Mayor que cuando iba todos los días a la oficina | CA38: Mayor que cuando iba todos los días a la oficina | CB38: Igual que cuando iba todos los días a la oficina | CC38: Igual que cuando iba todos los días a la oficina | CD38: Igual que cuando iba todos los días a la oficina | CE38: Igual que cuando iba todos los días a la oficina | CF38: Igual que cuando iba todos los días a la oficina | CG38: Menor que cuando iba todos los días a la oficina | CH38: Igual que cuando iba todos los días a la oficina | CI38: Igual que cuando iba todos los días a la oficina | CJ38: Igual que cuando iba todos los días a la oficina | CK38: Iguales que cuando iba todos los días a la oficina | CL38: Igual que cuando iba todos los días a la oficina | CM38: Igual que cuando iba todos los días a la oficina | CO38: <301 empleados | CP38: =IFERROR(VLOOKUP(H38,'Lista Lideres'!$A$1:$B$350,2,0),0) -> 1
A39: 45577.375 | B39: España | C39: <35 años | D39: Masculino | E39: Magister | F39: 11-20 años | G39: Gerente de Desarrollo | H39: Tech Lead | I39: <50 empleados | J39: Empresa que desarrolla software a medida partiendo desde cero | K39: Local | L39: Muy Frecuentemente | M39: Alto | N39: >5 días | O39: Ninguno | P39: Remota ( todos los días en casa) | Q39: Consensuada por las dos partes | R39: En desacuerdo | S39: Igual que cuando iba todos los días a la oficina | T39: Menor que cuando iba todos los días a la oficina | U39: Igual que cuando iba todos los días a la oficina | V39: Diferentes que cuando iba todos los días a la oficina, ahora necesito menos horas para hacer lo mismo | W39: Casi todas por videoconferencia | X39: Menor que cuando eran en la oficina | Y39: Mayor que cuando iba todos los días a la oficina | Z39: Mayor que cuando iba todos los días a la oficina | AA39: Mayor que cuando iba todos los días a la oficina | AB39: Mayor que cuando iba todos los días a la oficina | AC39: Igual que cuando iba todos los días a la oficina | AD39: Mejora mi desempeño en el trabajo | AE39: No afectan a mi productividad | AF39: Igual que cuando iba todos los días a la oficina | AG39: Igual que cuando iba todos los días a la oficina | AH39: Igual que cuando iba todos los días a la oficina | AI39: Igual que cuando iba todos los días a la oficina | AJ39: No trabajo con personas con un horario distinto al mío | AK39: Igual que cuando iba todos los días a la oficina | AL39: Igual que cuando iba todos los días a la oficina | AM39: Igual que cuando iba todos los días a la oficina | AN39: Igual que cuando iba todos los días a la oficina | AO39: Igual que cuando iba todos los días a la oficina | AP39: Igual que cuando iba todos los días a la oficina | AQ39: Iguales que cuando iba todos los días a la oficina | AR39: Igual que cuando iba todos los días a la oficina | AS39: Igual que cuando iba todos los días a la oficina | AT39: Igual que cuando iba todos los días a la oficina | AU39: Igual que cuando iba todos los días a la oficina | AV39: Igual que cuando iba todos los días a la oficina | AW39: Igual que cuando iba todos los días a la oficina | AX39: Igual que cuando iba todos los días a la oficina | AY39: Mucho mayor que cuando iba todos los días a la oficina | AZ39: Iguales que cuando iba todos los días a la oficina | BA39: Mayor que cuando iba todos los días a la oficina | BB39: Iguales que cuando iba todos los días a la oficina | BC39: Igual que cuando iba todos los días a la oficina | BD39: Iguales que cuando iba todos los días a la oficina | BE39: No tengo que utilizar diferentes idiomas en mi trabajo | BF39: No trabajo con personas con distintos horarios | BG39: Igual que cuando iba todos los días a la oficina | BH39: Menores que cuando iba todos los días a la oficina | BI39: Igual que cuando iba todos los días a la oficina | BJ39: Igual que cuando iba todos los días a la oficina | BK39: Igual que cuando iba todos los días a la oficina | BL39: Iguales que cuando iba todos los días a la oficina | BM39: Igual que cuando iba todos los días a la oficina | BN39: Igual que cuando iba todos los días a la oficina | BO39: Mayor que cuando iba todos los días a la oficina | BP39: Mayor que cuando iba todos los días a la oficina | BQ39: Igual que cuando iba todos los días a la oficina | BR39: Igual que cuando iba todos los días a la oficina | BS39: Igual que cuando iba todos los días a la oficina | BT39: Menor que cuando iba todos los días a la oficina | BU39: Igual que cuando iba todos los días a la oficina | BV39: Igual que cuando iba todos los días a la oficina | BW39: Igual que cuando iba todos los días a la oficina | BX39: Iguales que cuando iba todos los días a la oficina | BY39: Igual que cuando iba todos los días a la oficina | BZ39: Mucho Mayor que cuando iba todos los días a la oficina | CA39: Igual que cuando iba todos los días a la oficina | CB39: Igual que cuando iba todos los días a la oficina | CC39: Igual que cuando iba todos los días a la oficina | CD39: Igual que cuando iba todos los días a la oficina | CE39: Igual que cuando iba todos los días a la oficina | CF39: Igual que cuando iba todos los días a la oficina | CG39: Menor que cuando iba todos los días a la oficina | CH39: Igual que cuando iba todos los días a la oficina | CI39: Mayor que cuando iba todos los días a la oficina | CJ39: Igual que cuando iba todos los días a la oficina | CK39: Iguales que cuando iba todos los días a la oficina | CL39: Igual que cuando iba todos los días a la oficina | CM39: Igual que cuando iba todos los días a la oficina | CN39: Farruza@gmail.com | CO39: <301 empleados | CP39: =IFERROR(VLOOKUP(H39,'Lista Lideres'!$A$1:$B$350,2,0),0) -> 1
A40: 45568.817 | B40: México | C40: <35 años | D40: Masculino | E40: Maestría | F40: 11-20 años | G40: Administrador de Infrastructura | H40: Ingeniero DevOps | I40: >500 empleados. | J40: Empresa que desarrolla software a medida partiendo desde cero | K40: Multinacional | L40: Muy Frecuentemente | M40: Alto | N40: >5 días | O40: Ninguno | P40: Híbrida casa (más días en casa que en la oficina) | Q40: Impuesta por la empresa | R40: De acuerdo | S40: Igual que cuando iba todos los días a la oficina | T40: Igual que cuando iba todos los días a la oficina | U40: Igual que cuando iba todos los días a la oficina | V40: Muy diferentes que cuando iba todos los días a la oficina, ahora necesito muchas menos horas para hacer lo mismo | W40: Todas por videoconferencia | X40: Menor que cuando eran en la oficina | Y40: Mucho Mayor que cuando iba todos los días a la oficina | Z40: No tengo la información para contestar a la pregunta | AA40: Mucho Mayor que cuando iba todos los días a la oficina | AB40: Mayor que cuando iba todos los días a la oficina | AC40: Menor que cuando iba todos los días a la oficina | AD40: Mejora mi desempeño en el trabajo | AE40: Mejoran mi productividad | AF40: Mucho mayor que cuando iba todos los días a la oficina | AG40: Mucho mayor que cuando iba todos los días a la oficina | AH40: Menos que cuando iba todos los días a la oficina | AI40: Mucho menos que cuando iba todos los días a la oficina | AJ40: Igual que cuando iba todos los días a la oficina | AK40: Mucho menos que cuando iba todos los días a la oficina | AL40: Menos que cuando iba todos los días a la oficina | AM40: Mucho menos que cuando iba todos los días a la oficina | AN40: Mucho menos que cuando iba todos los días a la oficina | AO40: Mucho menos que cuando iba todos los días a la oficina | AP40: Mucho menos que cuando iba todos los días a la oficina | AQ40: Mucho Mayores que cuando iba todos los días a la oficina | AR40: Mucho Mayor que cuando iba todos los días a la oficina | AS40: Mucho Mayor que cuando iba todos los días a la oficina | AT40: Mucho menor que cuando iba todos los días a la oficina | AU40: Mucho Mayor que cuando iba todos los días a la oficina | AV40: Igual que cuando iba todos los días a la oficina | AW40: Menor que cuando iba todos los días a la oficina | AX40: Menor que cuando iba todos los días a la oficina | AY40: Mucho mayor que cuando iba todos los días a la oficina | AZ40: Iguales que cuando iba todos los días a la oficina | BA40: Mucho mayor que cuando iba todos los días a la oficina | BB40: No hay diferencias culturales en mi equipo | BC40: Mucho mayor que cuando iba todos los días a la oficina | BD40: Iguales que cuando iba todos los días a la oficina | BE40: Mucho menores que cuando iba todos los días a la oficina | BF40: Mucho menos que cuando iba todos los días a la oficina | BG40: Mayor que cuando iba todos los días a la oficina | BH40: Mucho menores que cuando iba todos los días a la oficina | BI40: Igual que cuando iba todos los días a la oficina | BJ40: Mucho mayor que cuando iba todos los días a la oficina | BK40: Menos que cuando iba todos los días a la oficina | BL40: Mucho menores que cuando iba todos los días a la oficina | BM40: Mucho mejor que cuando iba todos los días a la oficina | BN40: Mucho Mayor que cuando iba todos los días a la oficina | BO40: Mucho Mayor que cuando iba todos los días a la oficina | BP40: Mucho mayor que cuando iba todos los días a la oficina | BQ40: Igual que cuando iba todos los días a la oficina | BR40: Mucho Mayor que cuando iba todos los días a la oficina | BS40: Mucho Mayor que cuando iba todos los días a la oficina | BT40: Mucho Mayor que cuando iba todos los días a la oficina | BU40: Mucho Mayor que cuando iba todos los días a la oficina | BV40: Mucho menor que cuando iba todos los días a la oficina | BW40: Mas que cuando iba todos los días a la oficina | BX40: Mayores que cuando iba todos los días a la oficina | BY40: Mucho Mayor que cuando iba todos los días a la oficina | BZ40: Mucho Mayor que cuando iba todos los días a la oficina | CA40: Mucho Mayor que cuando iba todos los días a la oficina | CB40: Mucho menor que cuando iba todos los días a la oficina | CC40: Mayor que cuando iba todos los días a la oficina | CD40: Igual que cuando iba todos los días a la oficina | CE40: Mucho Mejor que cuando iba todos los días a la oficina | CF40: Mayor que cuando iba todos los días a la oficina | CG40: Igual que cuando iba todos los días a la oficina | CH40: Mucho Mayor que cuando iba todos los días a la oficina | CI40: Mucho Mayor que cuando iba todos los días a la oficina | CJ40: Mucho menor que cuando iba todos los días a la oficina | CK40: Mucho menores que cuando iba todos los días a la oficina | CL40: Mucho Mayor que cuando iba todos los días a la oficina | CM40: Mucho mayor que cuando iba todos los días a la oficina | CO40: 301+ empleados | CP40: =IFERROR(VLOOKUP(H40,'Lista Lideres'!$A$1:$B$350,2,0),0) -> 0
A41: 45562.985 | B41: México | C41: <35 años | D41: Femenino | E41: Maestria | F41: <5 años | G41: Analista de Información | H41: Analista BI | I41: 51-150 empleados | J41: Empresa que subcontrata (outsourcing) los servicios de otra del mismo país | K41: Multinacional | L41: Casi Nunca | M41: Alto | N41: >5 días | O41: Ninguno | P41: Remota ( todos los días en casa) | Q41: Consensuada por las dos partes | R41: De acuerdo | S41: Igual que cuando iba todos los días a la oficina | T41: Menor que cuando iba todos los días a la oficina | U41: Menor que cuando iba todos los días a la oficina | V41: Diferentes que cuando iba todos los días a la oficina, ahora necesito menos horas para hacer lo mismo | W41: Todas por videoconferencia | X41: Mucho menor que cuando eran en la oficina | Y41: Igual que cuando iba todos los días a la oficina | Z41: Mayor que cuando iba todos los días a la oficina | AA41: No tengo la información para contestar a la pregunta | AB41: Mayor que cuando iba todos los días a la oficina | AC41: Mayor que cuando iba todos los días a la oficina | AD41: Mejora mi desempeño en el trabajo | AE41: Mejoran mi productividad | AF41: Mayor que cuando iba todos los días a la oficina | AG41: Menor que cuando iba todos los días a la oficina | AH41: Igual que cuando iba todos los días a la oficina | AI41: Mucho menos que cuando iba todos los días a la oficina | AJ41: Mucho menos que cuando iba todos los días a la oficina | AK41: Mucho menos que cuando iba todos los días a la oficina | AL41: Menos que cuando iba todos los días a la oficina | AM41: Menos que cuando iba todos los días a la oficina | AN41: Igual que cuando iba todos los días a la oficina | AO41: Menos que cuando iba todos los días a la oficina | AP41: Menos que cuando iba todos los días a la oficina | AQ41: Iguales que cuando iba todos los días a la oficina | AR41: Mayor que cuando iba todos los días a la oficina | AS41: Igual que cuando iba todos los días a la oficina | AT41: Mucho menor que cuando iba todos los días a la oficina | AU41: Mucho Mayor que cuando iba todos los días a la oficina | AV41: Menor que cuando iba todos los días a la oficina | AW41: Menor que cuando iba todos los días a la oficina | AX41: Mayor que cuando iba todos los días a la oficina | AY41: Mucho mayor que cuando iba todos los días a la oficina | AZ41: Iguales que cuando iba todos los días a la oficina | BA41: Mayor que cuando iba todos los días a la oficina | BB41: Menores que cuando iba todos los días a la oficina | BC41: Mayor que cuando iba todos los días a la oficina | BD41: Iguales que cuando iba todos los días a la oficina | BE41: Iguales que cuando iba todos los días a la oficina | BF41: Menos que cuando iba todos los días a la oficina | BG41: Mayor que cuando iba todos los días a la oficina | BH41: Iguales que cuando iba todos los días a la oficina | BI41: Mayor que cuando iba todos los días a la oficina | BJ41: Igual que cuando iba todos los días a la oficina | BK41: Menos que cuando iba todos los días a la oficina | BL41: Menores que cuando iba todos los días a la oficina | BM41: Mejor que cuando iba todos los días a la oficina | BN41: Mucho Mayor que cuando iba todos los días a la oficina | BO41: Igual que cuando iba todos los días a la oficina | BP41: Mucho mayor que cuando iba todos los días a la oficina | BQ41: Mucho Mayor que cuando iba todos los días a la oficina | BR41: Mayor que cuando iba todos los días a la oficina | BS41: Mayor que cuando iba todos los días a la oficina | BT41: Mucho Mayor que cuando iba todos los días a la oficina | BU41: Mayor que cuando iba todos los días a la oficina | BV41: Menor que cuando iba todos los días a la oficina | BW41: Igual que cuando iba todos los días a la oficina | BX41: Mayores que cuando iba todos los días a la oficina | BY41: Igual que cuando iba todos los días a la oficina | BZ41: Mucho Mayor que cuando iba todos los días a la oficina | CA41: Mayor que cuando iba todos los días a la oficina | CB41: Mucho menor que cuando iba todos los días a la oficina | CC41: Mayor que cuando iba todos los días a la oficina | CD41: Igual que cuando iba todos los días a la oficina | CE41: Mejor que cuando iba todos los días a la oficina | CF41: Igual que cuando iba todos los días a la oficina | CG41: Menor que cuando iba todos los días a la oficina | CH41: Mayor que cuando iba todos los días a la oficina | CI41: Mayor que cuando iba todos los días a la oficina | CJ41: Menor que cuando iba todos los días a la oficina | CK41: Iguales que cuando iba todos los días a la oficina | CL41: Igual que cuando iba todos los días a la oficina | CM41: Mayor que cuando iba todos los días a la oficina | CO41: <301 empleados | CP41: =IFERROR(VLOOKUP(H41,'Lista Lideres'!$A$1:$B$350,2,0),0) -> 0
